timestamp,shares
2024-08-21 13:30:00+00:00,927
2024-08-21 13:31:00+00:00,68
2024-08-21 13:32:00+00:00,2
2024-08-21 13:33:00+00:00,2
2024-08-21 13:34:00+00:00,1
2024-08-21 13:35:00+00:00,0
2024-08-21 13:36:00+00:00,0
2024-08-21 13:37:00+00:00,0
2024-08-21 13:38:00+00:00,0
2024-08-21 13:39:00+00:00,0
2024-08-21 13:40:00+00:00,0
2024-08-21 13:41:00+00:00,0
2024-08-21 13:42:00+00:00,0
2024-08-21 13:43:00+00:00,0
2024-08-21 13:44:00+00:00,0
2024-08-21 13:45:00+00:00,0
2024-08-21 13:46:00+00:00,0
2024-08-21 13:47:00+00:00,0
2024-08-21 13:48:00+00:00,0
2024-08-21 13:49:00+00:00,0
2024-08-21 13:50:00+00:00,0
2024-08-21 13:51:00+00:00,0
2024-08-21 13:52:00+00:00,0
2024-08-21 13:53:00+00:00,0
2024-08-21 13:54:00+00:00,0
2024-08-21 13:55:00+00:00,0
2024-08-21 13:56:00+00:00,0
2024-08-21 13:57:00+00:00,0
2024-08-21 13:58:00+00:00,0
2024-08-21 13:59:00+00:00,0
2024-08-21 14:00:00+00:00,0
2024-08-21 14:01:00+00:00,0
2024-08-21 14:02:00+00:00,0
2024-08-21 14:03:00+00:00,0
2024-08-21 14:04:00+00:00,0
2024-08-21 14:05:00+00:00,0
2024-08-21 14:06:00+00:00,0
2024-08-21 14:07:00+00:00,0
2024-08-21 14:08:00+00:00,0
2024-08-21 14:09:00+00:00,0
2024-08-21 14:10:00+00:00,0
2024-08-21 14:11:00+00:00,0
2024-08-21 14:12:00+00:00,0
2024-08-21 14:13:00+00:00,0
2024-08-21 14:14:00+00:00,0
2024-08-21 14:15:00+00:00,0
2024-08-21 14:16:00+00:00,0
2024-08-21 14:17:00+00:00,0
2024-08-21 14:18:00+00:00,0
2024-08-21 14:19:00+00:00,0
2024-08-21 14:20:00+00:00,0
2024-08-21 14:21:00+00:00,0
2024-08-21 14:22:00+00:00,0
2024-08-21 14:23:00+00:00,0
2024-08-21 14:24:00+00:00,0
2024-08-21 14:25:00+00:00,0
2024-08-21 14:26:00+00:00,0
2024-08-21 14:27:00+00:00,0
2024-08-21 14:28:00+00:00,0
2024-08-21 14:29:00+00:00,0
2024-08-21 14:30:00+00:00,0
2024-08-21 14:31:00+00:00,0
2024-08-21 14:32:00+00:00,0
2024-08-21 14:33:00+00:00,0
2024-08-21 14:34:00+00:00,0
2024-08-21 14:35:00+00:00,0
2024-08-21 14:36:00+00:00,0
2024-08-21 14:37:00+00:00,0
2024-08-21 14:38:00+00:00,0
2024-08-21 14:39:00+00:00,0
2024-08-21 14:40:00+00:00,0
2024-08-21 14:41:00+00:00,0
2024-08-21 14:42:00+00:00,0
2024-08-21 14:43:00+00:00,0
2024-08-21 14:44:00+00:00,0
2024-08-21 14:45:00+00:00,0
2024-08-21 14:46:00+00:00,0
2024-08-21 14:47:00+00:00,0
2024-08-21 14:48:00+00:00,0
2024-08-21 14:49:00+00:00,0
2024-08-21 14:50:00+00:00,0
2024-08-21 14:51:00+00:00,0
2024-08-21 14:52:00+00:00,0
2024-08-21 14:53:00+00:00,0
2024-08-21 14:54:00+00:00,0
2024-08-21 14:55:00+00:00,0
2024-08-21 14:56:00+00:00,0
2024-08-21 14:57:00+00:00,0
2024-08-21 14:58:00+00:00,0
2024-08-21 14:59:00+00:00,0
2024-08-21 15:00:00+00:00,0
2024-08-21 15:01:00+00:00,0
2024-08-21 15:02:00+00:00,0
2024-08-21 15:03:00+00:00,0
2024-08-21 15:04:00+00:00,0
2024-08-21 15:05:00+00:00,0
2024-08-21 15:06:00+00:00,0
2024-08-21 15:07:00+00:00,0
2024-08-21 15:08:00+00:00,0
2024-08-21 15:09:00+00:00,0
2024-08-21 15:10:00+00:00,0
2024-08-21 15:11:00+00:00,0
2024-08-21 15:12:00+00:00,0
2024-08-21 15:13:00+00:00,0
2024-08-21 15:14:00+00:00,0
2024-08-21 15:15:00+00:00,0
2024-08-21 15:16:00+00:00,0
2024-08-21 15:17:00+00:00,0
2024-08-21 15:18:00+00:00,0
2024-08-21 15:19:00+00:00,0
2024-08-21 15:20:00+00:00,0
2024-08-21 15:21:00+00:00,0
2024-08-21 15:22:00+00:00,0
2024-08-21 15:23:00+00:00,0
2024-08-21 15:24:00+00:00,0
2024-08-21 15:25:00+00:00,0
2024-08-21 15:26:00+00:00,0
2024-08-21 15:27:00+00:00,0
2024-08-21 15:28:00+00:00,0
2024-08-21 15:29:00+00:00,0
2024-08-21 15:30:00+00:00,0
2024-08-21 15:31:00+00:00,0
2024-08-21 15:32:00+00:00,0
2024-08-21 15:33:00+00:00,0
2024-08-21 15:34:00+00:00,0
2024-08-21 15:35:00+00:00,0
2024-08-21 15:36:00+00:00,0
2024-08-21 15:37:00+00:00,0
2024-08-21 15:38:00+00:00,0
2024-08-21 15:39:00+00:00,0
2024-08-21 15:40:00+00:00,0
2024-08-21 15:41:00+00:00,0
2024-08-21 15:42:00+00:00,0
2024-08-21 15:43:00+00:00,0
2024-08-21 15:44:00+00:00,0
2024-08-21 15:45:00+00:00,0
2024-08-21 15:46:00+00:00,0
2024-08-21 15:47:00+00:00,0
2024-08-21 15:48:00+00:00,0
2024-08-21 15:49:00+00:00,0
2024-08-21 15:50:00+00:00,0
2024-08-21 15:51:00+00:00,0
2024-08-21 15:52:00+00:00,0
2024-08-21 15:53:00+00:00,0
2024-08-21 15:54:00+00:00,0
2024-08-21 15:55:00+00:00,0
2024-08-21 15:56:00+00:00,0
2024-08-21 15:57:00+00:00,0
2024-08-21 15:58:00+00:00,0
2024-08-21 15:59:00+00:00,0
2024-08-21 16:00:00+00:00,0
2024-08-21 16:01:00+00:00,0
2024-08-21 16:02:00+00:00,0
2024-08-21 16:03:00+00:00,0
2024-08-21 16:04:00+00:00,0
2024-08-21 16:05:00+00:00,0
2024-08-21 16:06:00+00:00,0
2024-08-21 16:07:00+00:00,0
2024-08-21 16:08:00+00:00,0
2024-08-21 16:09:00+00:00,0
2024-08-21 16:10:00+00:00,0
2024-08-21 16:11:00+00:00,0
2024-08-21 16:12:00+00:00,0
2024-08-21 16:13:00+00:00,0
2024-08-21 16:14:00+00:00,0
2024-08-21 16:15:00+00:00,0
2024-08-21 16:16:00+00:00,0
2024-08-21 16:17:00+00:00,0
2024-08-21 16:18:00+00:00,0
2024-08-21 16:19:00+00:00,0
2024-08-21 16:20:00+00:00,0
2024-08-21 16:21:00+00:00,0
2024-08-21 16:22:00+00:00,0
2024-08-21 16:23:00+00:00,0
2024-08-21 16:24:00+00:00,0
2024-08-21 16:25:00+00:00,0
2024-08-21 16:26:00+00:00,0
2024-08-21 16:27:00+00:00,0
2024-08-21 16:28:00+00:00,0
2024-08-21 16:29:00+00:00,0
2024-08-21 16:30:00+00:00,0
2024-08-21 16:31:00+00:00,0
2024-08-21 16:32:00+00:00,0
2024-08-21 16:33:00+00:00,0
2024-08-21 16:34:00+00:00,0
2024-08-21 16:35:00+00:00,0
2024-08-21 16:36:00+00:00,0
2024-08-21 16:37:00+00:00,0
2024-08-21 16:38:00+00:00,0
2024-08-21 16:39:00+00:00,0
2024-08-21 16:40:00+00:00,0
2024-08-21 16:41:00+00:00,0
2024-08-21 16:42:00+00:00,0
2024-08-21 16:43:00+00:00,0
2024-08-21 16:44:00+00:00,0
2024-08-21 16:45:00+00:00,0
2024-08-21 16:46:00+00:00,0
2024-08-21 16:47:00+00:00,0
2024-08-21 16:48:00+00:00,0
2024-08-21 16:49:00+00:00,0
2024-08-21 16:50:00+00:00,0
2024-08-21 16:51:00+00:00,0
2024-08-21 16:52:00+00:00,0
2024-08-21 16:53:00+00:00,0
2024-08-21 16:54:00+00:00,0
2024-08-21 16:55:00+00:00,0
2024-08-21 16:56:00+00:00,0
2024-08-21 16:57:00+00:00,0
2024-08-21 16:58:00+00:00,0
2024-08-21 16:59:00+00:00,0
2024-08-21 17:00:00+00:00,0
2024-08-21 17:01:00+00:00,0
2024-08-21 17:02:00+00:00,0
2024-08-21 17:03:00+00:00,0
2024-08-21 17:04:00+00:00,0
2024-08-21 17:05:00+00:00,0
2024-08-21 17:06:00+00:00,0
2024-08-21 17:07:00+00:00,0
2024-08-21 17:08:00+00:00,0
2024-08-21 17:09:00+00:00,0
2024-08-21 17:10:00+00:00,0
2024-08-21 17:11:00+00:00,0
2024-08-21 17:12:00+00:00,0
2024-08-21 17:13:00+00:00,0
2024-08-21 17:14:00+00:00,0
2024-08-21 17:15:00+00:00,0
2024-08-21 17:16:00+00:00,0
2024-08-21 17:17:00+00:00,0
2024-08-21 17:18:00+00:00,0
2024-08-21 17:19:00+00:00,0
2024-08-21 17:20:00+00:00,0
2024-08-21 17:21:00+00:00,0
2024-08-21 17:22:00+00:00,0
2024-08-21 17:23:00+00:00,0
2024-08-21 17:24:00+00:00,0
2024-08-21 17:25:00+00:00,0
2024-08-21 17:26:00+00:00,0
2024-08-21 17:27:00+00:00,0
2024-08-21 17:28:00+00:00,0
2024-08-21 17:29:00+00:00,0
2024-08-21 17:30:00+00:00,0
2024-08-21 17:31:00+00:00,0
2024-08-21 17:32:00+00:00,0
2024-08-21 17:33:00+00:00,0
2024-08-21 17:34:00+00:00,0
2024-08-21 17:35:00+00:00,0
2024-08-21 17:36:00+00:00,0
2024-08-21 17:37:00+00:00,0
2024-08-21 17:38:00+00:00,0
2024-08-21 17:39:00+00:00,0
2024-08-21 17:40:00+00:00,0
2024-08-21 17:41:00+00:00,0
2024-08-21 17:42:00+00:00,0
2024-08-21 17:43:00+00:00,0
2024-08-21 17:44:00+00:00,0
2024-08-21 17:45:00+00:00,0
2024-08-21 17:46:00+00:00,0
2024-08-21 17:47:00+00:00,0
2024-08-21 17:48:00+00:00,0
2024-08-21 17:49:00+00:00,0
2024-08-21 17:50:00+00:00,0
2024-08-21 17:51:00+00:00,0
2024-08-21 17:52:00+00:00,0
2024-08-21 17:53:00+00:00,0
2024-08-21 17:54:00+00:00,0
2024-08-21 17:55:00+00:00,0
2024-08-21 17:56:00+00:00,0
2024-08-21 17:57:00+00:00,0
2024-08-21 17:58:00+00:00,0
2024-08-21 17:59:00+00:00,0
2024-08-21 18:00:00+00:00,0
2024-08-21 18:01:00+00:00,0
2024-08-21 18:02:00+00:00,0
2024-08-21 18:03:00+00:00,0
2024-08-21 18:04:00+00:00,0
2024-08-21 18:05:00+00:00,0
2024-08-21 18:06:00+00:00,0
2024-08-21 18:07:00+00:00,0
2024-08-21 18:08:00+00:00,0
2024-08-21 18:09:00+00:00,0
2024-08-21 18:10:00+00:00,0
2024-08-21 18:11:00+00:00,0
2024-08-21 18:12:00+00:00,0
2024-08-21 18:13:00+00:00,0
2024-08-21 18:14:00+00:00,0
2024-08-21 18:15:00+00:00,0
2024-08-21 18:16:00+00:00,0
2024-08-21 18:17:00+00:00,0
2024-08-21 18:18:00+00:00,0
2024-08-21 18:19:00+00:00,0
2024-08-21 18:20:00+00:00,0
2024-08-21 18:21:00+00:00,0
2024-08-21 18:22:00+00:00,0
2024-08-21 18:23:00+00:00,0
2024-08-21 18:24:00+00:00,0
2024-08-21 18:25:00+00:00,0
2024-08-21 18:26:00+00:00,0
2024-08-21 18:27:00+00:00,0
2024-08-21 18:28:00+00:00,0
2024-08-21 18:29:00+00:00,0
2024-08-21 18:30:00+00:00,0
2024-08-21 18:31:00+00:00,0
2024-08-21 18:32:00+00:00,0
2024-08-21 18:33:00+00:00,0
2024-08-21 18:34:00+00:00,0
2024-08-21 18:35:00+00:00,0
2024-08-21 18:36:00+00:00,0
2024-08-21 18:37:00+00:00,0
2024-08-21 18:38:00+00:00,0
2024-08-21 18:39:00+00:00,0
2024-08-21 18:40:00+00:00,0
2024-08-21 18:41:00+00:00,0
2024-08-21 18:42:00+00:00,0
2024-08-21 18:43:00+00:00,0
2024-08-21 18:44:00+00:00,0
2024-08-21 18:45:00+00:00,0
2024-08-21 18:46:00+00:00,0
2024-08-21 18:47:00+00:00,0
2024-08-21 18:48:00+00:00,0
2024-08-21 18:49:00+00:00,0
2024-08-21 18:50:00+00:00,0
2024-08-21 18:51:00+00:00,0
2024-08-21 18:52:00+00:00,0
2024-08-21 18:53:00+00:00,0
2024-08-21 18:54:00+00:00,0
2024-08-21 18:55:00+00:00,0
2024-08-21 18:56:00+00:00,0
2024-08-21 18:57:00+00:00,0
2024-08-21 18:58:00+00:00,0
2024-08-21 18:59:00+00:00,0
2024-08-21 19:00:00+00:00,0
2024-08-21 19:01:00+00:00,0
2024-08-21 19:02:00+00:00,0
2024-08-21 19:03:00+00:00,0
2024-08-21 19:04:00+00:00,0
2024-08-21 19:05:00+00:00,0
2024-08-21 19:06:00+00:00,0
2024-08-21 19:07:00+00:00,0
2024-08-21 19:08:00+00:00,0
2024-08-21 19:09:00+00:00,0
2024-08-21 19:10:00+00:00,0
2024-08-21 19:11:00+00:00,0
2024-08-21 19:12:00+00:00,0
2024-08-21 19:13:00+00:00,0
2024-08-21 19:14:00+00:00,0
2024-08-21 19:15:00+00:00,0
2024-08-21 19:16:00+00:00,0
2024-08-21 19:17:00+00:00,0
2024-08-21 19:18:00+00:00,0
2024-08-21 19:19:00+00:00,0
2024-08-21 19:20:00+00:00,0
2024-08-21 19:21:00+00:00,0
2024-08-21 19:22:00+00:00,0
2024-08-21 19:23:00+00:00,0
2024-08-21 19:24:00+00:00,0
2024-08-21 19:25:00+00:00,0
2024-08-21 19:26:00+00:00,0
2024-08-21 19:27:00+00:00,0
2024-08-21 19:28:00+00:00,0
2024-08-21 19:29:00+00:00,0
2024-08-21 19:30:00+00:00,0
2024-08-21 19:31:00+00:00,0
2024-08-21 19:32:00+00:00,0
2024-08-21 19:33:00+00:00,0
2024-08-21 19:34:00+00:00,0
2024-08-21 19:35:00+00:00,0
2024-08-21 19:36:00+00:00,0
2024-08-21 19:37:00+00:00,0
2024-08-21 19:38:00+00:00,0
2024-08-21 19:39:00+00:00,0
2024-08-21 19:40:00+00:00,0
2024-08-21 19:41:00+00:00,0
2024-08-21 19:42:00+00:00,0
2024-08-21 19:43:00+00:00,0
2024-08-21 19:44:00+00:00,0
2024-08-21 19:45:00+00:00,0
2024-08-21 19:46:00+00:00,0
2024-08-21 19:47:00+00:00,0
2024-08-21 19:48:00+00:00,0
2024-08-21 19:49:00+00:00,0
2024-08-21 19:50:00+00:00,0
2024-08-21 19:51:00+00:00,0
2024-08-21 19:52:00+00:00,0
2024-08-21 19:53:00+00:00,0
2024-08-21 19:54:00+00:00,0
2024-08-21 19:55:00+00:00,0
2024-08-21 19:56:00+00:00,0
2024-08-21 19:57:00+00:00,0
2024-08-21 19:58:00+00:00,0
2024-08-21 19:59:00+00:00,0
2024-08-22 13:30:00+00:00,927
2024-08-22 13:31:00+00:00,6
2024-08-22 13:32:00+00:00,6
2024-08-22 13:33:00+00:00,6
2024-08-22 13:34:00+00:00,6
2024-08-22 13:35:00+00:00,6
2024-08-22 13:36:00+00:00,6
2024-08-22 13:37:00+00:00,6
2024-08-22 13:38:00+00:00,6
2024-08-22 13:39:00+00:00,6
2024-08-22 13:40:00+00:00,6
2024-08-22 13:41:00+00:00,6
2024-08-22 13:42:00+00:00,6
2024-08-22 13:43:00+00:00,1
2024-08-22 13:44:00+00:00,0
2024-08-22 13:45:00+00:00,0
2024-08-22 13:46:00+00:00,0
2024-08-22 13:47:00+00:00,0
2024-08-22 13:48:00+00:00,0
2024-08-22 13:49:00+00:00,0
2024-08-22 13:50:00+00:00,0
2024-08-22 13:51:00+00:00,0
2024-08-22 13:52:00+00:00,0
2024-08-22 13:53:00+00:00,0
2024-08-22 13:54:00+00:00,0
2024-08-22 13:55:00+00:00,0
2024-08-22 13:56:00+00:00,0
2024-08-22 13:57:00+00:00,0
2024-08-22 13:58:00+00:00,0
2024-08-22 13:59:00+00:00,0
2024-08-22 14:00:00+00:00,0
2024-08-22 14:01:00+00:00,0
2024-08-22 14:02:00+00:00,0
2024-08-22 14:03:00+00:00,0
2024-08-22 14:04:00+00:00,0
2024-08-22 14:05:00+00:00,0
2024-08-22 14:06:00+00:00,0
2024-08-22 14:07:00+00:00,0
2024-08-22 14:08:00+00:00,0
2024-08-22 14:09:00+00:00,0
2024-08-22 14:10:00+00:00,0
2024-08-22 14:11:00+00:00,0
2024-08-22 14:12:00+00:00,0
2024-08-22 14:13:00+00:00,0
2024-08-22 14:14:00+00:00,0
2024-08-22 14:15:00+00:00,0
2024-08-22 14:16:00+00:00,0
2024-08-22 14:17:00+00:00,0
2024-08-22 14:18:00+00:00,0
2024-08-22 14:19:00+00:00,0
2024-08-22 14:20:00+00:00,0
2024-08-22 14:21:00+00:00,0
2024-08-22 14:22:00+00:00,0
2024-08-22 14:23:00+00:00,0
2024-08-22 14:24:00+00:00,0
2024-08-22 14:25:00+00:00,0
2024-08-22 14:26:00+00:00,0
2024-08-22 14:27:00+00:00,0
2024-08-22 14:28:00+00:00,0
2024-08-22 14:29:00+00:00,0
2024-08-22 14:30:00+00:00,0
2024-08-22 14:31:00+00:00,0
2024-08-22 14:32:00+00:00,0
2024-08-22 14:33:00+00:00,0
2024-08-22 14:34:00+00:00,0
2024-08-22 14:35:00+00:00,0
2024-08-22 14:36:00+00:00,0
2024-08-22 14:37:00+00:00,0
2024-08-22 14:38:00+00:00,0
2024-08-22 14:39:00+00:00,0
2024-08-22 14:40:00+00:00,0
2024-08-22 14:41:00+00:00,0
2024-08-22 14:42:00+00:00,0
2024-08-22 14:43:00+00:00,0
2024-08-22 14:44:00+00:00,0
2024-08-22 14:45:00+00:00,0
2024-08-22 14:46:00+00:00,0
2024-08-22 14:47:00+00:00,0
2024-08-22 14:48:00+00:00,0
2024-08-22 14:49:00+00:00,0
2024-08-22 14:50:00+00:00,0
2024-08-22 14:51:00+00:00,0
2024-08-22 14:52:00+00:00,0
2024-08-22 14:53:00+00:00,0
2024-08-22 14:54:00+00:00,0
2024-08-22 14:55:00+00:00,0
2024-08-22 14:56:00+00:00,0
2024-08-22 14:57:00+00:00,0
2024-08-22 14:58:00+00:00,0
2024-08-22 14:59:00+00:00,0
2024-08-22 15:00:00+00:00,0
2024-08-22 15:01:00+00:00,0
2024-08-22 15:02:00+00:00,0
2024-08-22 15:03:00+00:00,0
2024-08-22 15:04:00+00:00,0
2024-08-22 15:05:00+00:00,0
2024-08-22 15:06:00+00:00,0
2024-08-22 15:07:00+00:00,0
2024-08-22 15:08:00+00:00,0
2024-08-22 15:09:00+00:00,0
2024-08-22 15:10:00+00:00,0
2024-08-22 15:11:00+00:00,0
2024-08-22 15:12:00+00:00,0
2024-08-22 15:13:00+00:00,0
2024-08-22 15:14:00+00:00,0
2024-08-22 15:15:00+00:00,0
2024-08-22 15:16:00+00:00,0
2024-08-22 15:17:00+00:00,0
2024-08-22 15:18:00+00:00,0
2024-08-22 15:19:00+00:00,0
2024-08-22 15:20:00+00:00,0
2024-08-22 15:21:00+00:00,0
2024-08-22 15:22:00+00:00,0
2024-08-22 15:23:00+00:00,0
2024-08-22 15:24:00+00:00,0
2024-08-22 15:25:00+00:00,0
2024-08-22 15:26:00+00:00,0
2024-08-22 15:27:00+00:00,0
2024-08-22 15:28:00+00:00,0
2024-08-22 15:29:00+00:00,0
2024-08-22 15:30:00+00:00,0
2024-08-22 15:31:00+00:00,0
2024-08-22 15:32:00+00:00,0
2024-08-22 15:33:00+00:00,0
2024-08-22 15:34:00+00:00,0
2024-08-22 15:35:00+00:00,0
2024-08-22 15:36:00+00:00,0
2024-08-22 15:37:00+00:00,0
2024-08-22 15:38:00+00:00,0
2024-08-22 15:39:00+00:00,0
2024-08-22 15:40:00+00:00,0
2024-08-22 15:41:00+00:00,0
2024-08-22 15:42:00+00:00,0
2024-08-22 15:43:00+00:00,0
2024-08-22 15:44:00+00:00,0
2024-08-22 15:45:00+00:00,0
2024-08-22 15:46:00+00:00,0
2024-08-22 15:47:00+00:00,0
2024-08-22 15:48:00+00:00,0
2024-08-22 15:49:00+00:00,0
2024-08-22 15:50:00+00:00,0
2024-08-22 15:51:00+00:00,0
2024-08-22 15:52:00+00:00,0
2024-08-22 15:53:00+00:00,0
2024-08-22 15:54:00+00:00,0
2024-08-22 15:55:00+00:00,0
2024-08-22 15:56:00+00:00,0
2024-08-22 15:57:00+00:00,0
2024-08-22 15:58:00+00:00,0
2024-08-22 15:59:00+00:00,0
2024-08-22 16:00:00+00:00,0
2024-08-22 16:01:00+00:00,0
2024-08-22 16:02:00+00:00,0
2024-08-22 16:03:00+00:00,0
2024-08-22 16:04:00+00:00,0
2024-08-22 16:05:00+00:00,0
2024-08-22 16:06:00+00:00,0
2024-08-22 16:07:00+00:00,0
2024-08-22 16:08:00+00:00,0
2024-08-22 16:09:00+00:00,0
2024-08-22 16:10:00+00:00,0
2024-08-22 16:11:00+00:00,0
2024-08-22 16:12:00+00:00,0
2024-08-22 16:13:00+00:00,0
2024-08-22 16:14:00+00:00,0
2024-08-22 16:15:00+00:00,0
2024-08-22 16:16:00+00:00,0
2024-08-22 16:17:00+00:00,0
2024-08-22 16:18:00+00:00,0
2024-08-22 16:19:00+00:00,0
2024-08-22 16:20:00+00:00,0
2024-08-22 16:21:00+00:00,0
2024-08-22 16:22:00+00:00,0
2024-08-22 16:23:00+00:00,0
2024-08-22 16:24:00+00:00,0
2024-08-22 16:25:00+00:00,0
2024-08-22 16:26:00+00:00,0
2024-08-22 16:27:00+00:00,0
2024-08-22 16:28:00+00:00,0
2024-08-22 16:29:00+00:00,0
2024-08-22 16:30:00+00:00,0
2024-08-22 16:31:00+00:00,0
2024-08-22 16:32:00+00:00,0
2024-08-22 16:33:00+00:00,0
2024-08-22 16:34:00+00:00,0
2024-08-22 16:35:00+00:00,0
2024-08-22 16:36:00+00:00,0
2024-08-22 16:37:00+00:00,0
2024-08-22 16:38:00+00:00,0
2024-08-22 16:39:00+00:00,0
2024-08-22 16:40:00+00:00,0
2024-08-22 16:41:00+00:00,0
2024-08-22 16:42:00+00:00,0
2024-08-22 16:43:00+00:00,0
2024-08-22 16:44:00+00:00,0
2024-08-22 16:45:00+00:00,0
2024-08-22 16:46:00+00:00,0
2024-08-22 16:47:00+00:00,0
2024-08-22 16:48:00+00:00,0
2024-08-22 16:49:00+00:00,0
2024-08-22 16:50:00+00:00,0
2024-08-22 16:51:00+00:00,0
2024-08-22 16:52:00+00:00,0
2024-08-22 16:53:00+00:00,0
2024-08-22 16:54:00+00:00,0
2024-08-22 16:55:00+00:00,0
2024-08-22 16:56:00+00:00,0
2024-08-22 16:57:00+00:00,0
2024-08-22 16:58:00+00:00,0
2024-08-22 16:59:00+00:00,0
2024-08-22 17:00:00+00:00,0
2024-08-22 17:01:00+00:00,0
2024-08-22 17:02:00+00:00,0
2024-08-22 17:03:00+00:00,0
2024-08-22 17:04:00+00:00,0
2024-08-22 17:05:00+00:00,0
2024-08-22 17:06:00+00:00,0
2024-08-22 17:07:00+00:00,0
2024-08-22 17:08:00+00:00,0
2024-08-22 17:09:00+00:00,0
2024-08-22 17:10:00+00:00,0
2024-08-22 17:11:00+00:00,0
2024-08-22 17:12:00+00:00,0
2024-08-22 17:13:00+00:00,0
2024-08-22 17:14:00+00:00,0
2024-08-22 17:15:00+00:00,0
2024-08-22 17:16:00+00:00,0
2024-08-22 17:17:00+00:00,0
2024-08-22 17:18:00+00:00,0
2024-08-22 17:19:00+00:00,0
2024-08-22 17:20:00+00:00,0
2024-08-22 17:21:00+00:00,0
2024-08-22 17:22:00+00:00,0
2024-08-22 17:23:00+00:00,0
2024-08-22 17:24:00+00:00,0
2024-08-22 17:25:00+00:00,0
2024-08-22 17:26:00+00:00,0
2024-08-22 17:27:00+00:00,0
2024-08-22 17:28:00+00:00,0
2024-08-22 17:29:00+00:00,0
2024-08-22 17:30:00+00:00,0
2024-08-22 17:31:00+00:00,0
2024-08-22 17:32:00+00:00,0
2024-08-22 17:33:00+00:00,0
2024-08-22 17:34:00+00:00,0
2024-08-22 17:35:00+00:00,0
2024-08-22 17:36:00+00:00,0
2024-08-22 17:37:00+00:00,0
2024-08-22 17:38:00+00:00,0
2024-08-22 17:39:00+00:00,0
2024-08-22 17:40:00+00:00,0
2024-08-22 17:41:00+00:00,0
2024-08-22 17:42:00+00:00,0
2024-08-22 17:43:00+00:00,0
2024-08-22 17:44:00+00:00,0
2024-08-22 17:45:00+00:00,0
2024-08-22 17:46:00+00:00,0
2024-08-22 17:47:00+00:00,0
2024-08-22 17:48:00+00:00,0
2024-08-22 17:49:00+00:00,0
2024-08-22 17:50:00+00:00,0
2024-08-22 17:51:00+00:00,0
2024-08-22 17:52:00+00:00,0
2024-08-22 17:53:00+00:00,0
2024-08-22 17:54:00+00:00,0
2024-08-22 17:55:00+00:00,0
2024-08-22 17:56:00+00:00,0
2024-08-22 17:57:00+00:00,0
2024-08-22 17:58:00+00:00,0
2024-08-22 17:59:00+00:00,0
2024-08-22 18:00:00+00:00,0
2024-08-22 18:01:00+00:00,0
2024-08-22 18:02:00+00:00,0
2024-08-22 18:03:00+00:00,0
2024-08-22 18:04:00+00:00,0
2024-08-22 18:05:00+00:00,0
2024-08-22 18:06:00+00:00,0
2024-08-22 18:07:00+00:00,0
2024-08-22 18:08:00+00:00,0
2024-08-22 18:09:00+00:00,0
2024-08-22 18:10:00+00:00,0
2024-08-22 18:11:00+00:00,0
2024-08-22 18:12:00+00:00,0
2024-08-22 18:13:00+00:00,0
2024-08-22 18:14:00+00:00,0
2024-08-22 18:15:00+00:00,0
2024-08-22 18:16:00+00:00,0
2024-08-22 18:17:00+00:00,0
2024-08-22 18:18:00+00:00,0
2024-08-22 18:19:00+00:00,0
2024-08-22 18:20:00+00:00,0
2024-08-22 18:21:00+00:00,0
2024-08-22 18:22:00+00:00,0
2024-08-22 18:23:00+00:00,0
2024-08-22 18:24:00+00:00,0
2024-08-22 18:25:00+00:00,0
2024-08-22 18:26:00+00:00,0
2024-08-22 18:27:00+00:00,0
2024-08-22 18:28:00+00:00,0
2024-08-22 18:29:00+00:00,0
2024-08-22 18:30:00+00:00,0
2024-08-22 18:31:00+00:00,0
2024-08-22 18:32:00+00:00,0
2024-08-22 18:33:00+00:00,0
2024-08-22 18:34:00+00:00,0
2024-08-22 18:35:00+00:00,0
2024-08-22 18:36:00+00:00,0
2024-08-22 18:37:00+00:00,0
2024-08-22 18:38:00+00:00,0
2024-08-22 18:39:00+00:00,0
2024-08-22 18:40:00+00:00,0
2024-08-22 18:41:00+00:00,0
2024-08-22 18:42:00+00:00,0
2024-08-22 18:43:00+00:00,0
2024-08-22 18:44:00+00:00,0
2024-08-22 18:45:00+00:00,0
2024-08-22 18:46:00+00:00,0
2024-08-22 18:47:00+00:00,0
2024-08-22 18:48:00+00:00,0
2024-08-22 18:49:00+00:00,0
2024-08-22 18:50:00+00:00,0
2024-08-22 18:51:00+00:00,0
2024-08-22 18:52:00+00:00,0
2024-08-22 18:53:00+00:00,0
2024-08-22 18:54:00+00:00,0
2024-08-22 18:55:00+00:00,0
2024-08-22 18:56:00+00:00,0
2024-08-22 18:57:00+00:00,0
2024-08-22 18:58:00+00:00,0
2024-08-22 18:59:00+00:00,0
2024-08-22 19:00:00+00:00,0
2024-08-22 19:01:00+00:00,0
2024-08-22 19:02:00+00:00,0
2024-08-22 19:03:00+00:00,0
2024-08-22 19:04:00+00:00,0
2024-08-22 19:05:00+00:00,0
2024-08-22 19:06:00+00:00,0
2024-08-22 19:07:00+00:00,0
2024-08-22 19:08:00+00:00,0
2024-08-22 19:09:00+00:00,0
2024-08-22 19:10:00+00:00,0
2024-08-22 19:11:00+00:00,0
2024-08-22 19:12:00+00:00,0
2024-08-22 19:13:00+00:00,0
2024-08-22 19:14:00+00:00,0
2024-08-22 19:15:00+00:00,0
2024-08-22 19:16:00+00:00,0
2024-08-22 19:17:00+00:00,0
2024-08-22 19:18:00+00:00,0
2024-08-22 19:19:00+00:00,0
2024-08-22 19:20:00+00:00,0
2024-08-22 19:21:00+00:00,0
2024-08-22 19:22:00+00:00,0
2024-08-22 19:23:00+00:00,0
2024-08-22 19:24:00+00:00,0
2024-08-22 19:25:00+00:00,0
2024-08-22 19:26:00+00:00,0
2024-08-22 19:27:00+00:00,0
2024-08-22 19:28:00+00:00,0
2024-08-22 19:29:00+00:00,0
2024-08-22 19:30:00+00:00,0
2024-08-22 19:31:00+00:00,0
2024-08-22 19:32:00+00:00,0
2024-08-22 19:33:00+00:00,0
2024-08-22 19:34:00+00:00,0
2024-08-22 19:35:00+00:00,0
2024-08-22 19:36:00+00:00,0
2024-08-22 19:37:00+00:00,0
2024-08-22 19:38:00+00:00,0
2024-08-22 19:39:00+00:00,0
2024-08-22 19:40:00+00:00,0
2024-08-22 19:41:00+00:00,0
2024-08-22 19:42:00+00:00,0
2024-08-22 19:43:00+00:00,0
2024-08-22 19:44:00+00:00,0
2024-08-22 19:45:00+00:00,0
2024-08-22 19:46:00+00:00,0
2024-08-22 19:47:00+00:00,0
2024-08-22 19:48:00+00:00,0
2024-08-22 19:49:00+00:00,0
2024-08-22 19:50:00+00:00,0
2024-08-22 19:51:00+00:00,0
2024-08-22 19:52:00+00:00,0
2024-08-22 19:53:00+00:00,0
2024-08-22 19:54:00+00:00,0
2024-08-22 19:55:00+00:00,0
2024-08-22 19:56:00+00:00,0
2024-08-22 19:57:00+00:00,0
2024-08-22 19:58:00+00:00,0
2024-08-22 19:59:00+00:00,0
2024-08-23 13:30:00+00:00,927
2024-08-23 13:31:00+00:00,6
2024-08-23 13:32:00+00:00,6
2024-08-23 13:33:00+00:00,6
2024-08-23 13:34:00+00:00,6
2024-08-23 13:35:00+00:00,6
2024-08-23 13:36:00+00:00,6
2024-08-23 13:37:00+00:00,6
2024-08-23 13:38:00+00:00,6
2024-08-23 13:39:00+00:00,6
2024-08-23 13:40:00+00:00,6
2024-08-23 13:41:00+00:00,6
2024-08-23 13:42:00+00:00,6
2024-08-23 13:43:00+00:00,1
2024-08-23 13:44:00+00:00,0
2024-08-23 13:45:00+00:00,0
2024-08-23 13:46:00+00:00,0
2024-08-23 13:47:00+00:00,0
2024-08-23 13:48:00+00:00,0
2024-08-23 13:49:00+00:00,0
2024-08-23 13:50:00+00:00,0
2024-08-23 13:51:00+00:00,0
2024-08-23 13:52:00+00:00,0
2024-08-23 13:53:00+00:00,0
2024-08-23 13:54:00+00:00,0
2024-08-23 13:55:00+00:00,0
2024-08-23 13:56:00+00:00,0
2024-08-23 13:57:00+00:00,0
2024-08-23 13:58:00+00:00,0
2024-08-23 13:59:00+00:00,0
2024-08-23 14:00:00+00:00,0
2024-08-23 14:01:00+00:00,0
2024-08-23 14:02:00+00:00,0
2024-08-23 14:03:00+00:00,0
2024-08-23 14:04:00+00:00,0
2024-08-23 14:05:00+00:00,0
2024-08-23 14:06:00+00:00,0
2024-08-23 14:07:00+00:00,0
2024-08-23 14:08:00+00:00,0
2024-08-23 14:09:00+00:00,0
2024-08-23 14:10:00+00:00,0
2024-08-23 14:11:00+00:00,0
2024-08-23 14:12:00+00:00,0
2024-08-23 14:13:00+00:00,0
2024-08-23 14:14:00+00:00,0
2024-08-23 14:15:00+00:00,0
2024-08-23 14:16:00+00:00,0
2024-08-23 14:17:00+00:00,0
2024-08-23 14:18:00+00:00,0
2024-08-23 14:19:00+00:00,0
2024-08-23 14:20:00+00:00,0
2024-08-23 14:21:00+00:00,0
2024-08-23 14:22:00+00:00,0
2024-08-23 14:23:00+00:00,0
2024-08-23 14:24:00+00:00,0
2024-08-23 14:25:00+00:00,0
2024-08-23 14:26:00+00:00,0
2024-08-23 14:27:00+00:00,0
2024-08-23 14:28:00+00:00,0
2024-08-23 14:29:00+00:00,0
2024-08-23 14:30:00+00:00,0
2024-08-23 14:31:00+00:00,0
2024-08-23 14:32:00+00:00,0
2024-08-23 14:33:00+00:00,0
2024-08-23 14:34:00+00:00,0
2024-08-23 14:35:00+00:00,0
2024-08-23 14:36:00+00:00,0
2024-08-23 14:37:00+00:00,0
2024-08-23 14:38:00+00:00,0
2024-08-23 14:39:00+00:00,0
2024-08-23 14:40:00+00:00,0
2024-08-23 14:41:00+00:00,0
2024-08-23 14:42:00+00:00,0
2024-08-23 14:43:00+00:00,0
2024-08-23 14:44:00+00:00,0
2024-08-23 14:45:00+00:00,0
2024-08-23 14:46:00+00:00,0
2024-08-23 14:47:00+00:00,0
2024-08-23 14:48:00+00:00,0
2024-08-23 14:49:00+00:00,0
2024-08-23 14:50:00+00:00,0
2024-08-23 14:51:00+00:00,0
2024-08-23 14:52:00+00:00,0
2024-08-23 14:53:00+00:00,0
2024-08-23 14:54:00+00:00,0
2024-08-23 14:55:00+00:00,0
2024-08-23 14:56:00+00:00,0
2024-08-23 14:57:00+00:00,0
2024-08-23 14:58:00+00:00,0
2024-08-23 14:59:00+00:00,0
2024-08-23 15:00:00+00:00,0
2024-08-23 15:01:00+00:00,0
2024-08-23 15:02:00+00:00,0
2024-08-23 15:03:00+00:00,0
2024-08-23 15:04:00+00:00,0
2024-08-23 15:05:00+00:00,0
2024-08-23 15:06:00+00:00,0
2024-08-23 15:07:00+00:00,0
2024-08-23 15:08:00+00:00,0
2024-08-23 15:09:00+00:00,0
2024-08-23 15:10:00+00:00,0
2024-08-23 15:11:00+00:00,0
2024-08-23 15:12:00+00:00,0
2024-08-23 15:13:00+00:00,0
2024-08-23 15:14:00+00:00,0
2024-08-23 15:15:00+00:00,0
2024-08-23 15:16:00+00:00,0
2024-08-23 15:17:00+00:00,0
2024-08-23 15:18:00+00:00,0
2024-08-23 15:19:00+00:00,0
2024-08-23 15:20:00+00:00,0
2024-08-23 15:21:00+00:00,0
2024-08-23 15:22:00+00:00,0
2024-08-23 15:23:00+00:00,0
2024-08-23 15:24:00+00:00,0
2024-08-23 15:25:00+00:00,0
2024-08-23 15:26:00+00:00,0
2024-08-23 15:27:00+00:00,0
2024-08-23 15:28:00+00:00,0
2024-08-23 15:29:00+00:00,0
2024-08-23 15:30:00+00:00,0
2024-08-23 15:31:00+00:00,0
2024-08-23 15:32:00+00:00,0
2024-08-23 15:33:00+00:00,0
2024-08-23 15:34:00+00:00,0
2024-08-23 15:35:00+00:00,0
2024-08-23 15:36:00+00:00,0
2024-08-23 15:37:00+00:00,0
2024-08-23 15:38:00+00:00,0
2024-08-23 15:39:00+00:00,0
2024-08-23 15:40:00+00:00,0
2024-08-23 15:41:00+00:00,0
2024-08-23 15:42:00+00:00,0
2024-08-23 15:43:00+00:00,0
2024-08-23 15:44:00+00:00,0
2024-08-23 15:45:00+00:00,0
2024-08-23 15:46:00+00:00,0
2024-08-23 15:47:00+00:00,0
2024-08-23 15:48:00+00:00,0
2024-08-23 15:49:00+00:00,0
2024-08-23 15:50:00+00:00,0
2024-08-23 15:51:00+00:00,0
2024-08-23 15:52:00+00:00,0
2024-08-23 15:53:00+00:00,0
2024-08-23 15:54:00+00:00,0
2024-08-23 15:55:00+00:00,0
2024-08-23 15:56:00+00:00,0
2024-08-23 15:57:00+00:00,0
2024-08-23 15:58:00+00:00,0
2024-08-23 15:59:00+00:00,0
2024-08-23 16:00:00+00:00,0
2024-08-23 16:01:00+00:00,0
2024-08-23 16:02:00+00:00,0
2024-08-23 16:03:00+00:00,0
2024-08-23 16:04:00+00:00,0
2024-08-23 16:05:00+00:00,0
2024-08-23 16:06:00+00:00,0
2024-08-23 16:07:00+00:00,0
2024-08-23 16:08:00+00:00,0
2024-08-23 16:09:00+00:00,0
2024-08-23 16:10:00+00:00,0
2024-08-23 16:11:00+00:00,0
2024-08-23 16:12:00+00:00,0
2024-08-23 16:13:00+00:00,0
2024-08-23 16:14:00+00:00,0
2024-08-23 16:15:00+00:00,0
2024-08-23 16:16:00+00:00,0
2024-08-23 16:17:00+00:00,0
2024-08-23 16:18:00+00:00,0
2024-08-23 16:19:00+00:00,0
2024-08-23 16:20:00+00:00,0
2024-08-23 16:21:00+00:00,0
2024-08-23 16:22:00+00:00,0
2024-08-23 16:23:00+00:00,0
2024-08-23 16:24:00+00:00,0
2024-08-23 16:25:00+00:00,0
2024-08-23 16:26:00+00:00,0
2024-08-23 16:27:00+00:00,0
2024-08-23 16:28:00+00:00,0
2024-08-23 16:29:00+00:00,0
2024-08-23 16:30:00+00:00,0
2024-08-23 16:31:00+00:00,0
2024-08-23 16:32:00+00:00,0
2024-08-23 16:33:00+00:00,0
2024-08-23 16:34:00+00:00,0
2024-08-23 16:35:00+00:00,0
2024-08-23 16:36:00+00:00,0
2024-08-23 16:37:00+00:00,0
2024-08-23 16:38:00+00:00,0
2024-08-23 16:39:00+00:00,0
2024-08-23 16:40:00+00:00,0
2024-08-23 16:41:00+00:00,0
2024-08-23 16:42:00+00:00,0
2024-08-23 16:43:00+00:00,0
2024-08-23 16:44:00+00:00,0
2024-08-23 16:45:00+00:00,0
2024-08-23 16:46:00+00:00,0
2024-08-23 16:47:00+00:00,0
2024-08-23 16:48:00+00:00,0
2024-08-23 16:49:00+00:00,0
2024-08-23 16:50:00+00:00,0
2024-08-23 16:51:00+00:00,0
2024-08-23 16:52:00+00:00,0
2024-08-23 16:53:00+00:00,0
2024-08-23 16:54:00+00:00,0
2024-08-23 16:55:00+00:00,0
2024-08-23 16:56:00+00:00,0
2024-08-23 16:57:00+00:00,0
2024-08-23 16:58:00+00:00,0
2024-08-23 16:59:00+00:00,0
2024-08-23 17:00:00+00:00,0
2024-08-23 17:01:00+00:00,0
2024-08-23 17:02:00+00:00,0
2024-08-23 17:03:00+00:00,0
2024-08-23 17:04:00+00:00,0
2024-08-23 17:05:00+00:00,0
2024-08-23 17:06:00+00:00,0
2024-08-23 17:07:00+00:00,0
2024-08-23 17:08:00+00:00,0
2024-08-23 17:09:00+00:00,0
2024-08-23 17:10:00+00:00,0
2024-08-23 17:11:00+00:00,0
2024-08-23 17:12:00+00:00,0
2024-08-23 17:13:00+00:00,0
2024-08-23 17:14:00+00:00,0
2024-08-23 17:15:00+00:00,0
2024-08-23 17:16:00+00:00,0
2024-08-23 17:17:00+00:00,0
2024-08-23 17:18:00+00:00,0
2024-08-23 17:19:00+00:00,0
2024-08-23 17:20:00+00:00,0
2024-08-23 17:21:00+00:00,0
2024-08-23 17:22:00+00:00,0
2024-08-23 17:23:00+00:00,0
2024-08-23 17:24:00+00:00,0
2024-08-23 17:25:00+00:00,0
2024-08-23 17:26:00+00:00,0
2024-08-23 17:27:00+00:00,0
2024-08-23 17:28:00+00:00,0
2024-08-23 17:29:00+00:00,0
2024-08-23 17:30:00+00:00,0
2024-08-23 17:31:00+00:00,0
2024-08-23 17:32:00+00:00,0
2024-08-23 17:33:00+00:00,0
2024-08-23 17:34:00+00:00,0
2024-08-23 17:35:00+00:00,0
2024-08-23 17:36:00+00:00,0
2024-08-23 17:37:00+00:00,0
2024-08-23 17:38:00+00:00,0
2024-08-23 17:39:00+00:00,0
2024-08-23 17:40:00+00:00,0
2024-08-23 17:41:00+00:00,0
2024-08-23 17:42:00+00:00,0
2024-08-23 17:43:00+00:00,0
2024-08-23 17:44:00+00:00,0
2024-08-23 17:45:00+00:00,0
2024-08-23 17:46:00+00:00,0
2024-08-23 17:47:00+00:00,0
2024-08-23 17:48:00+00:00,0
2024-08-23 17:49:00+00:00,0
2024-08-23 17:50:00+00:00,0
2024-08-23 17:51:00+00:00,0
2024-08-23 17:52:00+00:00,0
2024-08-23 17:53:00+00:00,0
2024-08-23 17:54:00+00:00,0
2024-08-23 17:55:00+00:00,0
2024-08-23 17:56:00+00:00,0
2024-08-23 17:57:00+00:00,0
2024-08-23 17:58:00+00:00,0
2024-08-23 17:59:00+00:00,0
2024-08-23 18:00:00+00:00,0
2024-08-23 18:01:00+00:00,0
2024-08-23 18:02:00+00:00,0
2024-08-23 18:03:00+00:00,0
2024-08-23 18:04:00+00:00,0
2024-08-23 18:05:00+00:00,0
2024-08-23 18:06:00+00:00,0
2024-08-23 18:07:00+00:00,0
2024-08-23 18:08:00+00:00,0
2024-08-23 18:09:00+00:00,0
2024-08-23 18:10:00+00:00,0
2024-08-23 18:11:00+00:00,0
2024-08-23 18:12:00+00:00,0
2024-08-23 18:13:00+00:00,0
2024-08-23 18:14:00+00:00,0
2024-08-23 18:15:00+00:00,0
2024-08-23 18:16:00+00:00,0
2024-08-23 18:17:00+00:00,0
2024-08-23 18:18:00+00:00,0
2024-08-23 18:19:00+00:00,0
2024-08-23 18:20:00+00:00,0
2024-08-23 18:21:00+00:00,0
2024-08-23 18:22:00+00:00,0
2024-08-23 18:23:00+00:00,0
2024-08-23 18:24:00+00:00,0
2024-08-23 18:25:00+00:00,0
2024-08-23 18:26:00+00:00,0
2024-08-23 18:27:00+00:00,0
2024-08-23 18:28:00+00:00,0
2024-08-23 18:29:00+00:00,0
2024-08-23 18:30:00+00:00,0
2024-08-23 18:31:00+00:00,0
2024-08-23 18:32:00+00:00,0
2024-08-23 18:33:00+00:00,0
2024-08-23 18:34:00+00:00,0
2024-08-23 18:35:00+00:00,0
2024-08-23 18:36:00+00:00,0
2024-08-23 18:37:00+00:00,0
2024-08-23 18:38:00+00:00,0
2024-08-23 18:39:00+00:00,0
2024-08-23 18:40:00+00:00,0
2024-08-23 18:41:00+00:00,0
2024-08-23 18:42:00+00:00,0
2024-08-23 18:43:00+00:00,0
2024-08-23 18:44:00+00:00,0
2024-08-23 18:45:00+00:00,0
2024-08-23 18:46:00+00:00,0
2024-08-23 18:47:00+00:00,0
2024-08-23 18:48:00+00:00,0
2024-08-23 18:49:00+00:00,0
2024-08-23 18:50:00+00:00,0
2024-08-23 18:51:00+00:00,0
2024-08-23 18:52:00+00:00,0
2024-08-23 18:53:00+00:00,0
2024-08-23 18:54:00+00:00,0
2024-08-23 18:55:00+00:00,0
2024-08-23 18:56:00+00:00,0
2024-08-23 18:57:00+00:00,0
2024-08-23 18:58:00+00:00,0
2024-08-23 18:59:00+00:00,0
2024-08-23 19:00:00+00:00,0
2024-08-23 19:01:00+00:00,0
2024-08-23 19:02:00+00:00,0
2024-08-23 19:03:00+00:00,0
2024-08-23 19:04:00+00:00,0
2024-08-23 19:05:00+00:00,0
2024-08-23 19:06:00+00:00,0
2024-08-23 19:07:00+00:00,0
2024-08-23 19:08:00+00:00,0
2024-08-23 19:09:00+00:00,0
2024-08-23 19:10:00+00:00,0
2024-08-23 19:11:00+00:00,0
2024-08-23 19:12:00+00:00,0
2024-08-23 19:13:00+00:00,0
2024-08-23 19:14:00+00:00,0
2024-08-23 19:15:00+00:00,0
2024-08-23 19:16:00+00:00,0
2024-08-23 19:17:00+00:00,0
2024-08-23 19:18:00+00:00,0
2024-08-23 19:19:00+00:00,0
2024-08-23 19:20:00+00:00,0
2024-08-23 19:21:00+00:00,0
2024-08-23 19:22:00+00:00,0
2024-08-23 19:23:00+00:00,0
2024-08-23 19:24:00+00:00,0
2024-08-23 19:25:00+00:00,0
2024-08-23 19:26:00+00:00,0
2024-08-23 19:27:00+00:00,0
2024-08-23 19:28:00+00:00,0
2024-08-23 19:29:00+00:00,0
2024-08-23 19:30:00+00:00,0
2024-08-23 19:31:00+00:00,0
2024-08-23 19:32:00+00:00,0
2024-08-23 19:33:00+00:00,0
2024-08-23 19:34:00+00:00,0
2024-08-23 19:35:00+00:00,0
2024-08-23 19:36:00+00:00,0
2024-08-23 19:37:00+00:00,0
2024-08-23 19:38:00+00:00,0
2024-08-23 19:39:00+00:00,0
2024-08-23 19:40:00+00:00,0
2024-08-23 19:41:00+00:00,0
2024-08-23 19:42:00+00:00,0
2024-08-23 19:43:00+00:00,0
2024-08-23 19:44:00+00:00,0
2024-08-23 19:45:00+00:00,0
2024-08-23 19:46:00+00:00,0
2024-08-23 19:47:00+00:00,0
2024-08-23 19:48:00+00:00,0
2024-08-23 19:49:00+00:00,0
2024-08-23 19:50:00+00:00,0
2024-08-23 19:51:00+00:00,0
2024-08-23 19:52:00+00:00,0
2024-08-23 19:53:00+00:00,0
2024-08-23 19:54:00+00:00,0
2024-08-23 19:55:00+00:00,0
2024-08-23 19:56:00+00:00,0
2024-08-23 19:57:00+00:00,0
2024-08-23 19:58:00+00:00,0
2024-08-23 19:59:00+00:00,0
2024-08-26 13:30:00+00:00,927
2024-08-26 13:31:00+00:00,6
2024-08-26 13:32:00+00:00,6
2024-08-26 13:33:00+00:00,6
2024-08-26 13:34:00+00:00,6
2024-08-26 13:35:00+00:00,6
2024-08-26 13:36:00+00:00,6
2024-08-26 13:37:00+00:00,6
2024-08-26 13:38:00+00:00,6
2024-08-26 13:39:00+00:00,6
2024-08-26 13:40:00+00:00,6
2024-08-26 13:41:00+00:00,6
2024-08-26 13:42:00+00:00,6
2024-08-26 13:43:00+00:00,1
2024-08-26 13:44:00+00:00,0
2024-08-26 13:45:00+00:00,0
2024-08-26 13:46:00+00:00,0
2024-08-26 13:47:00+00:00,0
2024-08-26 13:48:00+00:00,0
2024-08-26 13:49:00+00:00,0
2024-08-26 13:50:00+00:00,0
2024-08-26 13:51:00+00:00,0
2024-08-26 13:52:00+00:00,0
2024-08-26 13:53:00+00:00,0
2024-08-26 13:54:00+00:00,0
2024-08-26 13:55:00+00:00,0
2024-08-26 13:56:00+00:00,0
2024-08-26 13:57:00+00:00,0
2024-08-26 13:58:00+00:00,0
2024-08-26 13:59:00+00:00,0
2024-08-26 14:00:00+00:00,0
2024-08-26 14:01:00+00:00,0
2024-08-26 14:02:00+00:00,0
2024-08-26 14:03:00+00:00,0
2024-08-26 14:04:00+00:00,0
2024-08-26 14:05:00+00:00,0
2024-08-26 14:06:00+00:00,0
2024-08-26 14:07:00+00:00,0
2024-08-26 14:08:00+00:00,0
2024-08-26 14:09:00+00:00,0
2024-08-26 14:10:00+00:00,0
2024-08-26 14:11:00+00:00,0
2024-08-26 14:12:00+00:00,0
2024-08-26 14:13:00+00:00,0
2024-08-26 14:14:00+00:00,0
2024-08-26 14:15:00+00:00,0
2024-08-26 14:16:00+00:00,0
2024-08-26 14:17:00+00:00,0
2024-08-26 14:18:00+00:00,0
2024-08-26 14:19:00+00:00,0
2024-08-26 14:20:00+00:00,0
2024-08-26 14:21:00+00:00,0
2024-08-26 14:22:00+00:00,0
2024-08-26 14:23:00+00:00,0
2024-08-26 14:24:00+00:00,0
2024-08-26 14:25:00+00:00,0
2024-08-26 14:26:00+00:00,0
2024-08-26 14:27:00+00:00,0
2024-08-26 14:28:00+00:00,0
2024-08-26 14:29:00+00:00,0
2024-08-26 14:30:00+00:00,0
2024-08-26 14:31:00+00:00,0
2024-08-26 14:32:00+00:00,0
2024-08-26 14:33:00+00:00,0
2024-08-26 14:34:00+00:00,0
2024-08-26 14:35:00+00:00,0
2024-08-26 14:36:00+00:00,0
2024-08-26 14:37:00+00:00,0
2024-08-26 14:38:00+00:00,0
2024-08-26 14:39:00+00:00,0
2024-08-26 14:40:00+00:00,0
2024-08-26 14:41:00+00:00,0
2024-08-26 14:42:00+00:00,0
2024-08-26 14:43:00+00:00,0
2024-08-26 14:44:00+00:00,0
2024-08-26 14:45:00+00:00,0
2024-08-26 14:46:00+00:00,0
2024-08-26 14:47:00+00:00,0
2024-08-26 14:48:00+00:00,0
2024-08-26 14:49:00+00:00,0
2024-08-26 14:50:00+00:00,0
2024-08-26 14:51:00+00:00,0
2024-08-26 14:52:00+00:00,0
2024-08-26 14:53:00+00:00,0
2024-08-26 14:54:00+00:00,0
2024-08-26 14:55:00+00:00,0
2024-08-26 14:56:00+00:00,0
2024-08-26 14:57:00+00:00,0
2024-08-26 14:58:00+00:00,0
2024-08-26 14:59:00+00:00,0
2024-08-26 15:00:00+00:00,0
2024-08-26 15:01:00+00:00,0
2024-08-26 15:02:00+00:00,0
2024-08-26 15:03:00+00:00,0
2024-08-26 15:04:00+00:00,0
2024-08-26 15:05:00+00:00,0
2024-08-26 15:06:00+00:00,0
2024-08-26 15:07:00+00:00,0
2024-08-26 15:08:00+00:00,0
2024-08-26 15:09:00+00:00,0
2024-08-26 15:10:00+00:00,0
2024-08-26 15:11:00+00:00,0
2024-08-26 15:12:00+00:00,0
2024-08-26 15:13:00+00:00,0
2024-08-26 15:14:00+00:00,0
2024-08-26 15:15:00+00:00,0
2024-08-26 15:16:00+00:00,0
2024-08-26 15:17:00+00:00,0
2024-08-26 15:18:00+00:00,0
2024-08-26 15:19:00+00:00,0
2024-08-26 15:20:00+00:00,0
2024-08-26 15:21:00+00:00,0
2024-08-26 15:22:00+00:00,0
2024-08-26 15:23:00+00:00,0
2024-08-26 15:24:00+00:00,0
2024-08-26 15:25:00+00:00,0
2024-08-26 15:26:00+00:00,0
2024-08-26 15:27:00+00:00,0
2024-08-26 15:28:00+00:00,0
2024-08-26 15:29:00+00:00,0
2024-08-26 15:30:00+00:00,0
2024-08-26 15:31:00+00:00,0
2024-08-26 15:32:00+00:00,0
2024-08-26 15:33:00+00:00,0
2024-08-26 15:34:00+00:00,0
2024-08-26 15:35:00+00:00,0
2024-08-26 15:36:00+00:00,0
2024-08-26 15:37:00+00:00,0
2024-08-26 15:38:00+00:00,0
2024-08-26 15:39:00+00:00,0
2024-08-26 15:40:00+00:00,0
2024-08-26 15:41:00+00:00,0
2024-08-26 15:42:00+00:00,0
2024-08-26 15:43:00+00:00,0
2024-08-26 15:44:00+00:00,0
2024-08-26 15:45:00+00:00,0
2024-08-26 15:46:00+00:00,0
2024-08-26 15:47:00+00:00,0
2024-08-26 15:48:00+00:00,0
2024-08-26 15:49:00+00:00,0
2024-08-26 15:50:00+00:00,0
2024-08-26 15:51:00+00:00,0
2024-08-26 15:52:00+00:00,0
2024-08-26 15:53:00+00:00,0
2024-08-26 15:54:00+00:00,0
2024-08-26 15:55:00+00:00,0
2024-08-26 15:56:00+00:00,0
2024-08-26 15:57:00+00:00,0
2024-08-26 15:58:00+00:00,0
2024-08-26 15:59:00+00:00,0
2024-08-26 16:00:00+00:00,0
2024-08-26 16:01:00+00:00,0
2024-08-26 16:02:00+00:00,0
2024-08-26 16:03:00+00:00,0
2024-08-26 16:04:00+00:00,0
2024-08-26 16:05:00+00:00,0
2024-08-26 16:06:00+00:00,0
2024-08-26 16:07:00+00:00,0
2024-08-26 16:08:00+00:00,0
2024-08-26 16:09:00+00:00,0
2024-08-26 16:10:00+00:00,0
2024-08-26 16:11:00+00:00,0
2024-08-26 16:12:00+00:00,0
2024-08-26 16:13:00+00:00,0
2024-08-26 16:14:00+00:00,0
2024-08-26 16:15:00+00:00,0
2024-08-26 16:16:00+00:00,0
2024-08-26 16:17:00+00:00,0
2024-08-26 16:18:00+00:00,0
2024-08-26 16:19:00+00:00,0
2024-08-26 16:20:00+00:00,0
2024-08-26 16:21:00+00:00,0
2024-08-26 16:22:00+00:00,0
2024-08-26 16:23:00+00:00,0
2024-08-26 16:24:00+00:00,0
2024-08-26 16:25:00+00:00,0
2024-08-26 16:26:00+00:00,0
2024-08-26 16:27:00+00:00,0
2024-08-26 16:28:00+00:00,0
2024-08-26 16:29:00+00:00,0
2024-08-26 16:30:00+00:00,0
2024-08-26 16:31:00+00:00,0
2024-08-26 16:32:00+00:00,0
2024-08-26 16:33:00+00:00,0
2024-08-26 16:34:00+00:00,0
2024-08-26 16:35:00+00:00,0
2024-08-26 16:36:00+00:00,0
2024-08-26 16:37:00+00:00,0
2024-08-26 16:38:00+00:00,0
2024-08-26 16:39:00+00:00,0
2024-08-26 16:40:00+00:00,0
2024-08-26 16:41:00+00:00,0
2024-08-26 16:42:00+00:00,0
2024-08-26 16:43:00+00:00,0
2024-08-26 16:44:00+00:00,0
2024-08-26 16:45:00+00:00,0
2024-08-26 16:46:00+00:00,0
2024-08-26 16:47:00+00:00,0
2024-08-26 16:48:00+00:00,0
2024-08-26 16:49:00+00:00,0
2024-08-26 16:50:00+00:00,0
2024-08-26 16:51:00+00:00,0
2024-08-26 16:52:00+00:00,0
2024-08-26 16:53:00+00:00,0
2024-08-26 16:54:00+00:00,0
2024-08-26 16:55:00+00:00,0
2024-08-26 16:56:00+00:00,0
2024-08-26 16:57:00+00:00,0
2024-08-26 16:58:00+00:00,0
2024-08-26 16:59:00+00:00,0
2024-08-26 17:00:00+00:00,0
2024-08-26 17:01:00+00:00,0
2024-08-26 17:02:00+00:00,0
2024-08-26 17:03:00+00:00,0
2024-08-26 17:04:00+00:00,0
2024-08-26 17:05:00+00:00,0
2024-08-26 17:06:00+00:00,0
2024-08-26 17:07:00+00:00,0
2024-08-26 17:08:00+00:00,0
2024-08-26 17:09:00+00:00,0
2024-08-26 17:10:00+00:00,0
2024-08-26 17:11:00+00:00,0
2024-08-26 17:12:00+00:00,0
2024-08-26 17:13:00+00:00,0
2024-08-26 17:14:00+00:00,0
2024-08-26 17:15:00+00:00,0
2024-08-26 17:16:00+00:00,0
2024-08-26 17:17:00+00:00,0
2024-08-26 17:18:00+00:00,0
2024-08-26 17:19:00+00:00,0
2024-08-26 17:20:00+00:00,0
2024-08-26 17:21:00+00:00,0
2024-08-26 17:22:00+00:00,0
2024-08-26 17:23:00+00:00,0
2024-08-26 17:24:00+00:00,0
2024-08-26 17:25:00+00:00,0
2024-08-26 17:26:00+00:00,0
2024-08-26 17:27:00+00:00,0
2024-08-26 17:28:00+00:00,0
2024-08-26 17:29:00+00:00,0
2024-08-26 17:30:00+00:00,0
2024-08-26 17:31:00+00:00,0
2024-08-26 17:32:00+00:00,0
2024-08-26 17:33:00+00:00,0
2024-08-26 17:34:00+00:00,0
2024-08-26 17:35:00+00:00,0
2024-08-26 17:36:00+00:00,0
2024-08-26 17:37:00+00:00,0
2024-08-26 17:38:00+00:00,0
2024-08-26 17:39:00+00:00,0
2024-08-26 17:40:00+00:00,0
2024-08-26 17:41:00+00:00,0
2024-08-26 17:42:00+00:00,0
2024-08-26 17:43:00+00:00,0
2024-08-26 17:44:00+00:00,0
2024-08-26 17:45:00+00:00,0
2024-08-26 17:46:00+00:00,0
2024-08-26 17:47:00+00:00,0
2024-08-26 17:48:00+00:00,0
2024-08-26 17:49:00+00:00,0
2024-08-26 17:50:00+00:00,0
2024-08-26 17:51:00+00:00,0
2024-08-26 17:52:00+00:00,0
2024-08-26 17:53:00+00:00,0
2024-08-26 17:54:00+00:00,0
2024-08-26 17:55:00+00:00,0
2024-08-26 17:56:00+00:00,0
2024-08-26 17:57:00+00:00,0
2024-08-26 17:58:00+00:00,0
2024-08-26 17:59:00+00:00,0
2024-08-26 18:00:00+00:00,0
2024-08-26 18:01:00+00:00,0
2024-08-26 18:02:00+00:00,0
2024-08-26 18:03:00+00:00,0
2024-08-26 18:04:00+00:00,0
2024-08-26 18:05:00+00:00,0
2024-08-26 18:06:00+00:00,0
2024-08-26 18:07:00+00:00,0
2024-08-26 18:08:00+00:00,0
2024-08-26 18:09:00+00:00,0
2024-08-26 18:10:00+00:00,0
2024-08-26 18:11:00+00:00,0
2024-08-26 18:12:00+00:00,0
2024-08-26 18:13:00+00:00,0
2024-08-26 18:14:00+00:00,0
2024-08-26 18:15:00+00:00,0
2024-08-26 18:16:00+00:00,0
2024-08-26 18:17:00+00:00,0
2024-08-26 18:18:00+00:00,0
2024-08-26 18:19:00+00:00,0
2024-08-26 18:20:00+00:00,0
2024-08-26 18:21:00+00:00,0
2024-08-26 18:22:00+00:00,0
2024-08-26 18:23:00+00:00,0
2024-08-26 18:24:00+00:00,0
2024-08-26 18:25:00+00:00,0
2024-08-26 18:26:00+00:00,0
2024-08-26 18:27:00+00:00,0
2024-08-26 18:28:00+00:00,0
2024-08-26 18:29:00+00:00,0
2024-08-26 18:30:00+00:00,0
2024-08-26 18:31:00+00:00,0
2024-08-26 18:32:00+00:00,0
2024-08-26 18:33:00+00:00,0
2024-08-26 18:34:00+00:00,0
2024-08-26 18:35:00+00:00,0
2024-08-26 18:36:00+00:00,0
2024-08-26 18:37:00+00:00,0
2024-08-26 18:38:00+00:00,0
2024-08-26 18:39:00+00:00,0
2024-08-26 18:40:00+00:00,0
2024-08-26 18:41:00+00:00,0
2024-08-26 18:42:00+00:00,0
2024-08-26 18:43:00+00:00,0
2024-08-26 18:44:00+00:00,0
2024-08-26 18:45:00+00:00,0
2024-08-26 18:46:00+00:00,0
2024-08-26 18:47:00+00:00,0
2024-08-26 18:48:00+00:00,0
2024-08-26 18:49:00+00:00,0
2024-08-26 18:50:00+00:00,0
2024-08-26 18:51:00+00:00,0
2024-08-26 18:52:00+00:00,0
2024-08-26 18:53:00+00:00,0
2024-08-26 18:54:00+00:00,0
2024-08-26 18:55:00+00:00,0
2024-08-26 18:56:00+00:00,0
2024-08-26 18:57:00+00:00,0
2024-08-26 18:58:00+00:00,0
2024-08-26 18:59:00+00:00,0
2024-08-26 19:00:00+00:00,0
2024-08-26 19:01:00+00:00,0
2024-08-26 19:02:00+00:00,0
2024-08-26 19:03:00+00:00,0
2024-08-26 19:04:00+00:00,0
2024-08-26 19:05:00+00:00,0
2024-08-26 19:06:00+00:00,0
2024-08-26 19:07:00+00:00,0
2024-08-26 19:08:00+00:00,0
2024-08-26 19:09:00+00:00,0
2024-08-26 19:10:00+00:00,0
2024-08-26 19:11:00+00:00,0
2024-08-26 19:12:00+00:00,0
2024-08-26 19:13:00+00:00,0
2024-08-26 19:14:00+00:00,0
2024-08-26 19:15:00+00:00,0
2024-08-26 19:16:00+00:00,0
2024-08-26 19:17:00+00:00,0
2024-08-26 19:18:00+00:00,0
2024-08-26 19:19:00+00:00,0
2024-08-26 19:20:00+00:00,0
2024-08-26 19:21:00+00:00,0
2024-08-26 19:22:00+00:00,0
2024-08-26 19:23:00+00:00,0
2024-08-26 19:24:00+00:00,0
2024-08-26 19:25:00+00:00,0
2024-08-26 19:26:00+00:00,0
2024-08-26 19:27:00+00:00,0
2024-08-26 19:28:00+00:00,0
2024-08-26 19:29:00+00:00,0
2024-08-26 19:30:00+00:00,0
2024-08-26 19:31:00+00:00,0
2024-08-26 19:32:00+00:00,0
2024-08-26 19:33:00+00:00,0
2024-08-26 19:34:00+00:00,0
2024-08-26 19:35:00+00:00,0
2024-08-26 19:36:00+00:00,0
2024-08-26 19:37:00+00:00,0
2024-08-26 19:38:00+00:00,0
2024-08-26 19:39:00+00:00,0
2024-08-26 19:40:00+00:00,0
2024-08-26 19:41:00+00:00,0
2024-08-26 19:42:00+00:00,0
2024-08-26 19:43:00+00:00,0
2024-08-26 19:44:00+00:00,0
2024-08-26 19:45:00+00:00,0
2024-08-26 19:46:00+00:00,0
2024-08-26 19:47:00+00:00,0
2024-08-26 19:48:00+00:00,0
2024-08-26 19:49:00+00:00,0
2024-08-26 19:50:00+00:00,0
2024-08-26 19:51:00+00:00,0
2024-08-26 19:52:00+00:00,0
2024-08-26 19:53:00+00:00,0
2024-08-26 19:54:00+00:00,0
2024-08-26 19:55:00+00:00,0
2024-08-26 19:56:00+00:00,0
2024-08-26 19:57:00+00:00,0
2024-08-26 19:58:00+00:00,0
2024-08-26 19:59:00+00:00,0
2024-08-27 13:30:00+00:00,927
2024-08-27 13:31:00+00:00,6
2024-08-27 13:32:00+00:00,6
2024-08-27 13:33:00+00:00,6
2024-08-27 13:34:00+00:00,6
2024-08-27 13:35:00+00:00,6
2024-08-27 13:36:00+00:00,6
2024-08-27 13:37:00+00:00,6
2024-08-27 13:38:00+00:00,6
2024-08-27 13:39:00+00:00,6
2024-08-27 13:40:00+00:00,6
2024-08-27 13:41:00+00:00,6
2024-08-27 13:42:00+00:00,6
2024-08-27 13:43:00+00:00,1
2024-08-27 13:44:00+00:00,0
2024-08-27 13:45:00+00:00,0
2024-08-27 13:46:00+00:00,0
2024-08-27 13:47:00+00:00,0
2024-08-27 13:48:00+00:00,0
2024-08-27 13:49:00+00:00,0
2024-08-27 13:50:00+00:00,0
2024-08-27 13:51:00+00:00,0
2024-08-27 13:52:00+00:00,0
2024-08-27 13:53:00+00:00,0
2024-08-27 13:54:00+00:00,0
2024-08-27 13:55:00+00:00,0
2024-08-27 13:56:00+00:00,0
2024-08-27 13:57:00+00:00,0
2024-08-27 13:58:00+00:00,0
2024-08-27 13:59:00+00:00,0
2024-08-27 14:00:00+00:00,0
2024-08-27 14:01:00+00:00,0
2024-08-27 14:02:00+00:00,0
2024-08-27 14:03:00+00:00,0
2024-08-27 14:04:00+00:00,0
2024-08-27 14:05:00+00:00,0
2024-08-27 14:06:00+00:00,0
2024-08-27 14:07:00+00:00,0
2024-08-27 14:08:00+00:00,0
2024-08-27 14:09:00+00:00,0
2024-08-27 14:10:00+00:00,0
2024-08-27 14:11:00+00:00,0
2024-08-27 14:12:00+00:00,0
2024-08-27 14:13:00+00:00,0
2024-08-27 14:14:00+00:00,0
2024-08-27 14:15:00+00:00,0
2024-08-27 14:16:00+00:00,0
2024-08-27 14:17:00+00:00,0
2024-08-27 14:18:00+00:00,0
2024-08-27 14:19:00+00:00,0
2024-08-27 14:20:00+00:00,0
2024-08-27 14:21:00+00:00,0
2024-08-27 14:22:00+00:00,0
2024-08-27 14:23:00+00:00,0
2024-08-27 14:24:00+00:00,0
2024-08-27 14:25:00+00:00,0
2024-08-27 14:26:00+00:00,0
2024-08-27 14:27:00+00:00,0
2024-08-27 14:28:00+00:00,0
2024-08-27 14:29:00+00:00,0
2024-08-27 14:30:00+00:00,0
2024-08-27 14:31:00+00:00,0
2024-08-27 14:32:00+00:00,0
2024-08-27 14:33:00+00:00,0
2024-08-27 14:34:00+00:00,0
2024-08-27 14:35:00+00:00,0
2024-08-27 14:36:00+00:00,0
2024-08-27 14:37:00+00:00,0
2024-08-27 14:38:00+00:00,0
2024-08-27 14:39:00+00:00,0
2024-08-27 14:40:00+00:00,0
2024-08-27 14:41:00+00:00,0
2024-08-27 14:42:00+00:00,0
2024-08-27 14:43:00+00:00,0
2024-08-27 14:44:00+00:00,0
2024-08-27 14:45:00+00:00,0
2024-08-27 14:46:00+00:00,0
2024-08-27 14:47:00+00:00,0
2024-08-27 14:48:00+00:00,0
2024-08-27 14:49:00+00:00,0
2024-08-27 14:50:00+00:00,0
2024-08-27 14:51:00+00:00,0
2024-08-27 14:52:00+00:00,0
2024-08-27 14:53:00+00:00,0
2024-08-27 14:54:00+00:00,0
2024-08-27 14:55:00+00:00,0
2024-08-27 14:56:00+00:00,0
2024-08-27 14:57:00+00:00,0
2024-08-27 14:58:00+00:00,0
2024-08-27 14:59:00+00:00,0
2024-08-27 15:00:00+00:00,0
2024-08-27 15:01:00+00:00,0
2024-08-27 15:02:00+00:00,0
2024-08-27 15:03:00+00:00,0
2024-08-27 15:04:00+00:00,0
2024-08-27 15:05:00+00:00,0
2024-08-27 15:06:00+00:00,0
2024-08-27 15:07:00+00:00,0
2024-08-27 15:08:00+00:00,0
2024-08-27 15:09:00+00:00,0
2024-08-27 15:10:00+00:00,0
2024-08-27 15:11:00+00:00,0
2024-08-27 15:12:00+00:00,0
2024-08-27 15:13:00+00:00,0
2024-08-27 15:14:00+00:00,0
2024-08-27 15:15:00+00:00,0
2024-08-27 15:16:00+00:00,0
2024-08-27 15:17:00+00:00,0
2024-08-27 15:18:00+00:00,0
2024-08-27 15:19:00+00:00,0
2024-08-27 15:20:00+00:00,0
2024-08-27 15:21:00+00:00,0
2024-08-27 15:22:00+00:00,0
2024-08-27 15:23:00+00:00,0
2024-08-27 15:24:00+00:00,0
2024-08-27 15:25:00+00:00,0
2024-08-27 15:26:00+00:00,0
2024-08-27 15:27:00+00:00,0
2024-08-27 15:28:00+00:00,0
2024-08-27 15:29:00+00:00,0
2024-08-27 15:30:00+00:00,0
2024-08-27 15:31:00+00:00,0
2024-08-27 15:32:00+00:00,0
2024-08-27 15:33:00+00:00,0
2024-08-27 15:34:00+00:00,0
2024-08-27 15:35:00+00:00,0
2024-08-27 15:36:00+00:00,0
2024-08-27 15:37:00+00:00,0
2024-08-27 15:38:00+00:00,0
2024-08-27 15:39:00+00:00,0
2024-08-27 15:40:00+00:00,0
2024-08-27 15:41:00+00:00,0
2024-08-27 15:42:00+00:00,0
2024-08-27 15:43:00+00:00,0
2024-08-27 15:44:00+00:00,0
2024-08-27 15:45:00+00:00,0
2024-08-27 15:46:00+00:00,0
2024-08-27 15:47:00+00:00,0
2024-08-27 15:48:00+00:00,0
2024-08-27 15:49:00+00:00,0
2024-08-27 15:50:00+00:00,0
2024-08-27 15:51:00+00:00,0
2024-08-27 15:52:00+00:00,0
2024-08-27 15:53:00+00:00,0
2024-08-27 15:54:00+00:00,0
2024-08-27 15:55:00+00:00,0
2024-08-27 15:56:00+00:00,0
2024-08-27 15:57:00+00:00,0
2024-08-27 15:58:00+00:00,0
2024-08-27 15:59:00+00:00,0
2024-08-27 16:00:00+00:00,0
2024-08-27 16:01:00+00:00,0
2024-08-27 16:02:00+00:00,0
2024-08-27 16:03:00+00:00,0
2024-08-27 16:04:00+00:00,0
2024-08-27 16:05:00+00:00,0
2024-08-27 16:06:00+00:00,0
2024-08-27 16:07:00+00:00,0
2024-08-27 16:08:00+00:00,0
2024-08-27 16:09:00+00:00,0
2024-08-27 16:10:00+00:00,0
2024-08-27 16:11:00+00:00,0
2024-08-27 16:12:00+00:00,0
2024-08-27 16:13:00+00:00,0
2024-08-27 16:14:00+00:00,0
2024-08-27 16:15:00+00:00,0
2024-08-27 16:16:00+00:00,0
2024-08-27 16:17:00+00:00,0
2024-08-27 16:18:00+00:00,0
2024-08-27 16:19:00+00:00,0
2024-08-27 16:20:00+00:00,0
2024-08-27 16:21:00+00:00,0
2024-08-27 16:22:00+00:00,0
2024-08-27 16:23:00+00:00,0
2024-08-27 16:24:00+00:00,0
2024-08-27 16:25:00+00:00,0
2024-08-27 16:26:00+00:00,0
2024-08-27 16:27:00+00:00,0
2024-08-27 16:28:00+00:00,0
2024-08-27 16:29:00+00:00,0
2024-08-27 16:30:00+00:00,0
2024-08-27 16:31:00+00:00,0
2024-08-27 16:32:00+00:00,0
2024-08-27 16:33:00+00:00,0
2024-08-27 16:34:00+00:00,0
2024-08-27 16:35:00+00:00,0
2024-08-27 16:36:00+00:00,0
2024-08-27 16:37:00+00:00,0
2024-08-27 16:38:00+00:00,0
2024-08-27 16:39:00+00:00,0
2024-08-27 16:40:00+00:00,0
2024-08-27 16:41:00+00:00,0
2024-08-27 16:42:00+00:00,0
2024-08-27 16:43:00+00:00,0
2024-08-27 16:44:00+00:00,0
2024-08-27 16:45:00+00:00,0
2024-08-27 16:46:00+00:00,0
2024-08-27 16:47:00+00:00,0
2024-08-27 16:48:00+00:00,0
2024-08-27 16:49:00+00:00,0
2024-08-27 16:50:00+00:00,0
2024-08-27 16:51:00+00:00,0
2024-08-27 16:52:00+00:00,0
2024-08-27 16:53:00+00:00,0
2024-08-27 16:54:00+00:00,0
2024-08-27 16:55:00+00:00,0
2024-08-27 16:56:00+00:00,0
2024-08-27 16:57:00+00:00,0
2024-08-27 16:58:00+00:00,0
2024-08-27 16:59:00+00:00,0
2024-08-27 17:00:00+00:00,0
2024-08-27 17:01:00+00:00,0
2024-08-27 17:02:00+00:00,0
2024-08-27 17:03:00+00:00,0
2024-08-27 17:04:00+00:00,0
2024-08-27 17:05:00+00:00,0
2024-08-27 17:06:00+00:00,0
2024-08-27 17:07:00+00:00,0
2024-08-27 17:08:00+00:00,0
2024-08-27 17:09:00+00:00,0
2024-08-27 17:10:00+00:00,0
2024-08-27 17:11:00+00:00,0
2024-08-27 17:12:00+00:00,0
2024-08-27 17:13:00+00:00,0
2024-08-27 17:14:00+00:00,0
2024-08-27 17:15:00+00:00,0
2024-08-27 17:16:00+00:00,0
2024-08-27 17:17:00+00:00,0
2024-08-27 17:18:00+00:00,0
2024-08-27 17:19:00+00:00,0
2024-08-27 17:20:00+00:00,0
2024-08-27 17:21:00+00:00,0
2024-08-27 17:22:00+00:00,0
2024-08-27 17:23:00+00:00,0
2024-08-27 17:24:00+00:00,0
2024-08-27 17:25:00+00:00,0
2024-08-27 17:26:00+00:00,0
2024-08-27 17:27:00+00:00,0
2024-08-27 17:28:00+00:00,0
2024-08-27 17:29:00+00:00,0
2024-08-27 17:30:00+00:00,0
2024-08-27 17:31:00+00:00,0
2024-08-27 17:32:00+00:00,0
2024-08-27 17:33:00+00:00,0
2024-08-27 17:34:00+00:00,0
2024-08-27 17:35:00+00:00,0
2024-08-27 17:36:00+00:00,0
2024-08-27 17:37:00+00:00,0
2024-08-27 17:38:00+00:00,0
2024-08-27 17:39:00+00:00,0
2024-08-27 17:40:00+00:00,0
2024-08-27 17:41:00+00:00,0
2024-08-27 17:42:00+00:00,0
2024-08-27 17:43:00+00:00,0
2024-08-27 17:44:00+00:00,0
2024-08-27 17:45:00+00:00,0
2024-08-27 17:46:00+00:00,0
2024-08-27 17:47:00+00:00,0
2024-08-27 17:48:00+00:00,0
2024-08-27 17:49:00+00:00,0
2024-08-27 17:50:00+00:00,0
2024-08-27 17:51:00+00:00,0
2024-08-27 17:52:00+00:00,0
2024-08-27 17:53:00+00:00,0
2024-08-27 17:54:00+00:00,0
2024-08-27 17:55:00+00:00,0
2024-08-27 17:56:00+00:00,0
2024-08-27 17:57:00+00:00,0
2024-08-27 17:58:00+00:00,0
2024-08-27 17:59:00+00:00,0
2024-08-27 18:00:00+00:00,0
2024-08-27 18:01:00+00:00,0
2024-08-27 18:02:00+00:00,0
2024-08-27 18:03:00+00:00,0
2024-08-27 18:04:00+00:00,0
2024-08-27 18:05:00+00:00,0
2024-08-27 18:06:00+00:00,0
2024-08-27 18:07:00+00:00,0
2024-08-27 18:08:00+00:00,0
2024-08-27 18:09:00+00:00,0
2024-08-27 18:10:00+00:00,0
2024-08-27 18:11:00+00:00,0
2024-08-27 18:12:00+00:00,0
2024-08-27 18:13:00+00:00,0
2024-08-27 18:14:00+00:00,0
2024-08-27 18:15:00+00:00,0
2024-08-27 18:16:00+00:00,0
2024-08-27 18:17:00+00:00,0
2024-08-27 18:18:00+00:00,0
2024-08-27 18:19:00+00:00,0
2024-08-27 18:20:00+00:00,0
2024-08-27 18:21:00+00:00,0
2024-08-27 18:22:00+00:00,0
2024-08-27 18:23:00+00:00,0
2024-08-27 18:24:00+00:00,0
2024-08-27 18:25:00+00:00,0
2024-08-27 18:26:00+00:00,0
2024-08-27 18:27:00+00:00,0
2024-08-27 18:28:00+00:00,0
2024-08-27 18:29:00+00:00,0
2024-08-27 18:30:00+00:00,0
2024-08-27 18:31:00+00:00,0
2024-08-27 18:32:00+00:00,0
2024-08-27 18:33:00+00:00,0
2024-08-27 18:34:00+00:00,0
2024-08-27 18:35:00+00:00,0
2024-08-27 18:36:00+00:00,0
2024-08-27 18:37:00+00:00,0
2024-08-27 18:38:00+00:00,0
2024-08-27 18:39:00+00:00,0
2024-08-27 18:40:00+00:00,0
2024-08-27 18:41:00+00:00,0
2024-08-27 18:42:00+00:00,0
2024-08-27 18:43:00+00:00,0
2024-08-27 18:44:00+00:00,0
2024-08-27 18:45:00+00:00,0
2024-08-27 18:46:00+00:00,0
2024-08-27 18:47:00+00:00,0
2024-08-27 18:48:00+00:00,0
2024-08-27 18:49:00+00:00,0
2024-08-27 18:50:00+00:00,0
2024-08-27 18:51:00+00:00,0
2024-08-27 18:52:00+00:00,0
2024-08-27 18:53:00+00:00,0
2024-08-27 18:54:00+00:00,0
2024-08-27 18:55:00+00:00,0
2024-08-27 18:56:00+00:00,0
2024-08-27 18:57:00+00:00,0
2024-08-27 18:58:00+00:00,0
2024-08-27 18:59:00+00:00,0
2024-08-27 19:00:00+00:00,0
2024-08-27 19:01:00+00:00,0
2024-08-27 19:02:00+00:00,0
2024-08-27 19:03:00+00:00,0
2024-08-27 19:04:00+00:00,0
2024-08-27 19:05:00+00:00,0
2024-08-27 19:06:00+00:00,0
2024-08-27 19:07:00+00:00,0
2024-08-27 19:08:00+00:00,0
2024-08-27 19:09:00+00:00,0
2024-08-27 19:10:00+00:00,0
2024-08-27 19:11:00+00:00,0
2024-08-27 19:12:00+00:00,0
2024-08-27 19:13:00+00:00,0
2024-08-27 19:14:00+00:00,0
2024-08-27 19:15:00+00:00,0
2024-08-27 19:16:00+00:00,0
2024-08-27 19:17:00+00:00,0
2024-08-27 19:18:00+00:00,0
2024-08-27 19:19:00+00:00,0
2024-08-27 19:20:00+00:00,0
2024-08-27 19:21:00+00:00,0
2024-08-27 19:22:00+00:00,0
2024-08-27 19:23:00+00:00,0
2024-08-27 19:24:00+00:00,0
2024-08-27 19:25:00+00:00,0
2024-08-27 19:26:00+00:00,0
2024-08-27 19:27:00+00:00,0
2024-08-27 19:28:00+00:00,0
2024-08-27 19:29:00+00:00,0
2024-08-27 19:30:00+00:00,0
2024-08-27 19:31:00+00:00,0
2024-08-27 19:32:00+00:00,0
2024-08-27 19:33:00+00:00,0
2024-08-27 19:34:00+00:00,0
2024-08-27 19:35:00+00:00,0
2024-08-27 19:36:00+00:00,0
2024-08-27 19:37:00+00:00,0
2024-08-27 19:38:00+00:00,0
2024-08-27 19:39:00+00:00,0
2024-08-27 19:40:00+00:00,0
2024-08-27 19:41:00+00:00,0
2024-08-27 19:42:00+00:00,0
2024-08-27 19:43:00+00:00,0
2024-08-27 19:44:00+00:00,0
2024-08-27 19:45:00+00:00,0
2024-08-27 19:46:00+00:00,0
2024-08-27 19:47:00+00:00,0
2024-08-27 19:48:00+00:00,0
2024-08-27 19:49:00+00:00,0
2024-08-27 19:50:00+00:00,0
2024-08-27 19:51:00+00:00,0
2024-08-27 19:52:00+00:00,0
2024-08-27 19:53:00+00:00,0
2024-08-27 19:54:00+00:00,0
2024-08-27 19:55:00+00:00,0
2024-08-27 19:56:00+00:00,0
2024-08-27 19:57:00+00:00,0
2024-08-27 19:58:00+00:00,0
2024-08-27 19:59:00+00:00,0
2024-08-28 13:30:00+00:00,927
2024-08-28 13:31:00+00:00,6
2024-08-28 13:32:00+00:00,6
2024-08-28 13:33:00+00:00,6
2024-08-28 13:34:00+00:00,6
2024-08-28 13:35:00+00:00,6
2024-08-28 13:36:00+00:00,6
2024-08-28 13:37:00+00:00,6
2024-08-28 13:38:00+00:00,6
2024-08-28 13:39:00+00:00,6
2024-08-28 13:40:00+00:00,6
2024-08-28 13:41:00+00:00,6
2024-08-28 13:42:00+00:00,6
2024-08-28 13:43:00+00:00,1
2024-08-28 13:44:00+00:00,0
2024-08-28 13:45:00+00:00,0
2024-08-28 13:46:00+00:00,0
2024-08-28 13:47:00+00:00,0
2024-08-28 13:48:00+00:00,0
2024-08-28 13:49:00+00:00,0
2024-08-28 13:50:00+00:00,0
2024-08-28 13:51:00+00:00,0
2024-08-28 13:52:00+00:00,0
2024-08-28 13:53:00+00:00,0
2024-08-28 13:54:00+00:00,0
2024-08-28 13:55:00+00:00,0
2024-08-28 13:56:00+00:00,0
2024-08-28 13:57:00+00:00,0
2024-08-28 13:58:00+00:00,0
2024-08-28 13:59:00+00:00,0
2024-08-28 14:00:00+00:00,0
2024-08-28 14:01:00+00:00,0
2024-08-28 14:02:00+00:00,0
2024-08-28 14:03:00+00:00,0
2024-08-28 14:04:00+00:00,0
2024-08-28 14:05:00+00:00,0
2024-08-28 14:06:00+00:00,0
2024-08-28 14:07:00+00:00,0
2024-08-28 14:08:00+00:00,0
2024-08-28 14:09:00+00:00,0
2024-08-28 14:10:00+00:00,0
2024-08-28 14:11:00+00:00,0
2024-08-28 14:12:00+00:00,0
2024-08-28 14:13:00+00:00,0
2024-08-28 14:14:00+00:00,0
2024-08-28 14:15:00+00:00,0
2024-08-28 14:16:00+00:00,0
2024-08-28 14:17:00+00:00,0
2024-08-28 14:18:00+00:00,0
2024-08-28 14:19:00+00:00,0
2024-08-28 14:20:00+00:00,0
2024-08-28 14:21:00+00:00,0
2024-08-28 14:22:00+00:00,0
2024-08-28 14:23:00+00:00,0
2024-08-28 14:24:00+00:00,0
2024-08-28 14:25:00+00:00,0
2024-08-28 14:26:00+00:00,0
2024-08-28 14:27:00+00:00,0
2024-08-28 14:28:00+00:00,0
2024-08-28 14:29:00+00:00,0
2024-08-28 14:30:00+00:00,0
2024-08-28 14:31:00+00:00,0
2024-08-28 14:32:00+00:00,0
2024-08-28 14:33:00+00:00,0
2024-08-28 14:34:00+00:00,0
2024-08-28 14:35:00+00:00,0
2024-08-28 14:36:00+00:00,0
2024-08-28 14:37:00+00:00,0
2024-08-28 14:38:00+00:00,0
2024-08-28 14:39:00+00:00,0
2024-08-28 14:40:00+00:00,0
2024-08-28 14:41:00+00:00,0
2024-08-28 14:42:00+00:00,0
2024-08-28 14:43:00+00:00,0
2024-08-28 14:44:00+00:00,0
2024-08-28 14:45:00+00:00,0
2024-08-28 14:46:00+00:00,0
2024-08-28 14:47:00+00:00,0
2024-08-28 14:48:00+00:00,0
2024-08-28 14:49:00+00:00,0
2024-08-28 14:50:00+00:00,0
2024-08-28 14:51:00+00:00,0
2024-08-28 14:52:00+00:00,0
2024-08-28 14:53:00+00:00,0
2024-08-28 14:54:00+00:00,0
2024-08-28 14:55:00+00:00,0
2024-08-28 14:56:00+00:00,0
2024-08-28 14:57:00+00:00,0
2024-08-28 14:58:00+00:00,0
2024-08-28 14:59:00+00:00,0
2024-08-28 15:00:00+00:00,0
2024-08-28 15:01:00+00:00,0
2024-08-28 15:02:00+00:00,0
2024-08-28 15:03:00+00:00,0
2024-08-28 15:04:00+00:00,0
2024-08-28 15:05:00+00:00,0
2024-08-28 15:06:00+00:00,0
2024-08-28 15:07:00+00:00,0
2024-08-28 15:08:00+00:00,0
2024-08-28 15:09:00+00:00,0
2024-08-28 15:10:00+00:00,0
2024-08-28 15:11:00+00:00,0
2024-08-28 15:12:00+00:00,0
2024-08-28 15:13:00+00:00,0
2024-08-28 15:14:00+00:00,0
2024-08-28 15:15:00+00:00,0
2024-08-28 15:16:00+00:00,0
2024-08-28 15:17:00+00:00,0
2024-08-28 15:18:00+00:00,0
2024-08-28 15:19:00+00:00,0
2024-08-28 15:20:00+00:00,0
2024-08-28 15:21:00+00:00,0
2024-08-28 15:22:00+00:00,0
2024-08-28 15:23:00+00:00,0
2024-08-28 15:24:00+00:00,0
2024-08-28 15:25:00+00:00,0
2024-08-28 15:26:00+00:00,0
2024-08-28 15:27:00+00:00,0
2024-08-28 15:28:00+00:00,0
2024-08-28 15:29:00+00:00,0
2024-08-28 15:30:00+00:00,0
2024-08-28 15:31:00+00:00,0
2024-08-28 15:32:00+00:00,0
2024-08-28 15:33:00+00:00,0
2024-08-28 15:34:00+00:00,0
2024-08-28 15:35:00+00:00,0
2024-08-28 15:36:00+00:00,0
2024-08-28 15:37:00+00:00,0
2024-08-28 15:38:00+00:00,0
2024-08-28 15:39:00+00:00,0
2024-08-28 15:40:00+00:00,0
2024-08-28 15:41:00+00:00,0
2024-08-28 15:42:00+00:00,0
2024-08-28 15:43:00+00:00,0
2024-08-28 15:44:00+00:00,0
2024-08-28 15:45:00+00:00,0
2024-08-28 15:46:00+00:00,0
2024-08-28 15:47:00+00:00,0
2024-08-28 15:48:00+00:00,0
2024-08-28 15:49:00+00:00,0
2024-08-28 15:50:00+00:00,0
2024-08-28 15:51:00+00:00,0
2024-08-28 15:52:00+00:00,0
2024-08-28 15:53:00+00:00,0
2024-08-28 15:54:00+00:00,0
2024-08-28 15:55:00+00:00,0
2024-08-28 15:56:00+00:00,0
2024-08-28 15:57:00+00:00,0
2024-08-28 15:58:00+00:00,0
2024-08-28 15:59:00+00:00,0
2024-08-28 16:00:00+00:00,0
2024-08-28 16:01:00+00:00,0
2024-08-28 16:02:00+00:00,0
2024-08-28 16:03:00+00:00,0
2024-08-28 16:04:00+00:00,0
2024-08-28 16:05:00+00:00,0
2024-08-28 16:06:00+00:00,0
2024-08-28 16:07:00+00:00,0
2024-08-28 16:08:00+00:00,0
2024-08-28 16:09:00+00:00,0
2024-08-28 16:10:00+00:00,0
2024-08-28 16:11:00+00:00,0
2024-08-28 16:12:00+00:00,0
2024-08-28 16:13:00+00:00,0
2024-08-28 16:14:00+00:00,0
2024-08-28 16:15:00+00:00,0
2024-08-28 16:16:00+00:00,0
2024-08-28 16:17:00+00:00,0
2024-08-28 16:18:00+00:00,0
2024-08-28 16:19:00+00:00,0
2024-08-28 16:20:00+00:00,0
2024-08-28 16:21:00+00:00,0
2024-08-28 16:22:00+00:00,0
2024-08-28 16:23:00+00:00,0
2024-08-28 16:24:00+00:00,0
2024-08-28 16:25:00+00:00,0
2024-08-28 16:26:00+00:00,0
2024-08-28 16:27:00+00:00,0
2024-08-28 16:28:00+00:00,0
2024-08-28 16:29:00+00:00,0
2024-08-28 16:30:00+00:00,0
2024-08-28 16:31:00+00:00,0
2024-08-28 16:32:00+00:00,0
2024-08-28 16:33:00+00:00,0
2024-08-28 16:34:00+00:00,0
2024-08-28 16:35:00+00:00,0
2024-08-28 16:36:00+00:00,0
2024-08-28 16:37:00+00:00,0
2024-08-28 16:38:00+00:00,0
2024-08-28 16:39:00+00:00,0
2024-08-28 16:40:00+00:00,0
2024-08-28 16:41:00+00:00,0
2024-08-28 16:42:00+00:00,0
2024-08-28 16:43:00+00:00,0
2024-08-28 16:44:00+00:00,0
2024-08-28 16:45:00+00:00,0
2024-08-28 16:46:00+00:00,0
2024-08-28 16:47:00+00:00,0
2024-08-28 16:48:00+00:00,0
2024-08-28 16:49:00+00:00,0
2024-08-28 16:50:00+00:00,0
2024-08-28 16:51:00+00:00,0
2024-08-28 16:52:00+00:00,0
2024-08-28 16:53:00+00:00,0
2024-08-28 16:54:00+00:00,0
2024-08-28 16:55:00+00:00,0
2024-08-28 16:56:00+00:00,0
2024-08-28 16:57:00+00:00,0
2024-08-28 16:58:00+00:00,0
2024-08-28 16:59:00+00:00,0
2024-08-28 17:00:00+00:00,0
2024-08-28 17:01:00+00:00,0
2024-08-28 17:02:00+00:00,0
2024-08-28 17:03:00+00:00,0
2024-08-28 17:04:00+00:00,0
2024-08-28 17:05:00+00:00,0
2024-08-28 17:06:00+00:00,0
2024-08-28 17:07:00+00:00,0
2024-08-28 17:08:00+00:00,0
2024-08-28 17:09:00+00:00,0
2024-08-28 17:10:00+00:00,0
2024-08-28 17:11:00+00:00,0
2024-08-28 17:12:00+00:00,0
2024-08-28 17:13:00+00:00,0
2024-08-28 17:14:00+00:00,0
2024-08-28 17:15:00+00:00,0
2024-08-28 17:16:00+00:00,0
2024-08-28 17:17:00+00:00,0
2024-08-28 17:18:00+00:00,0
2024-08-28 17:19:00+00:00,0
2024-08-28 17:20:00+00:00,0
2024-08-28 17:21:00+00:00,0
2024-08-28 17:22:00+00:00,0
2024-08-28 17:23:00+00:00,0
2024-08-28 17:24:00+00:00,0
2024-08-28 17:25:00+00:00,0
2024-08-28 17:26:00+00:00,0
2024-08-28 17:27:00+00:00,0
2024-08-28 17:28:00+00:00,0
2024-08-28 17:29:00+00:00,0
2024-08-28 17:30:00+00:00,0
2024-08-28 17:31:00+00:00,0
2024-08-28 17:32:00+00:00,0
2024-08-28 17:33:00+00:00,0
2024-08-28 17:34:00+00:00,0
2024-08-28 17:35:00+00:00,0
2024-08-28 17:36:00+00:00,0
2024-08-28 17:37:00+00:00,0
2024-08-28 17:38:00+00:00,0
2024-08-28 17:39:00+00:00,0
2024-08-28 17:40:00+00:00,0
2024-08-28 17:41:00+00:00,0
2024-08-28 17:42:00+00:00,0
2024-08-28 17:43:00+00:00,0
2024-08-28 17:44:00+00:00,0
2024-08-28 17:45:00+00:00,0
2024-08-28 17:46:00+00:00,0
2024-08-28 17:47:00+00:00,0
2024-08-28 17:48:00+00:00,0
2024-08-28 17:49:00+00:00,0
2024-08-28 17:50:00+00:00,0
2024-08-28 17:51:00+00:00,0
2024-08-28 17:52:00+00:00,0
2024-08-28 17:53:00+00:00,0
2024-08-28 17:54:00+00:00,0
2024-08-28 17:55:00+00:00,0
2024-08-28 17:56:00+00:00,0
2024-08-28 17:57:00+00:00,0
2024-08-28 17:58:00+00:00,0
2024-08-28 17:59:00+00:00,0
2024-08-28 18:00:00+00:00,0
2024-08-28 18:01:00+00:00,0
2024-08-28 18:02:00+00:00,0
2024-08-28 18:03:00+00:00,0
2024-08-28 18:04:00+00:00,0
2024-08-28 18:05:00+00:00,0
2024-08-28 18:06:00+00:00,0
2024-08-28 18:07:00+00:00,0
2024-08-28 18:08:00+00:00,0
2024-08-28 18:09:00+00:00,0
2024-08-28 18:10:00+00:00,0
2024-08-28 18:11:00+00:00,0
2024-08-28 18:12:00+00:00,0
2024-08-28 18:13:00+00:00,0
2024-08-28 18:14:00+00:00,0
2024-08-28 18:15:00+00:00,0
2024-08-28 18:16:00+00:00,0
2024-08-28 18:17:00+00:00,0
2024-08-28 18:18:00+00:00,0
2024-08-28 18:19:00+00:00,0
2024-08-28 18:20:00+00:00,0
2024-08-28 18:21:00+00:00,0
2024-08-28 18:22:00+00:00,0
2024-08-28 18:23:00+00:00,0
2024-08-28 18:24:00+00:00,0
2024-08-28 18:25:00+00:00,0
2024-08-28 18:26:00+00:00,0
2024-08-28 18:27:00+00:00,0
2024-08-28 18:28:00+00:00,0
2024-08-28 18:29:00+00:00,0
2024-08-28 18:30:00+00:00,0
2024-08-28 18:31:00+00:00,0
2024-08-28 18:32:00+00:00,0
2024-08-28 18:33:00+00:00,0
2024-08-28 18:34:00+00:00,0
2024-08-28 18:35:00+00:00,0
2024-08-28 18:36:00+00:00,0
2024-08-28 18:37:00+00:00,0
2024-08-28 18:38:00+00:00,0
2024-08-28 18:39:00+00:00,0
2024-08-28 18:40:00+00:00,0
2024-08-28 18:41:00+00:00,0
2024-08-28 18:42:00+00:00,0
2024-08-28 18:43:00+00:00,0
2024-08-28 18:44:00+00:00,0
2024-08-28 18:45:00+00:00,0
2024-08-28 18:46:00+00:00,0
2024-08-28 18:47:00+00:00,0
2024-08-28 18:48:00+00:00,0
2024-08-28 18:49:00+00:00,0
2024-08-28 18:50:00+00:00,0
2024-08-28 18:51:00+00:00,0
2024-08-28 18:52:00+00:00,0
2024-08-28 18:53:00+00:00,0
2024-08-28 18:54:00+00:00,0
2024-08-28 18:55:00+00:00,0
2024-08-28 18:56:00+00:00,0
2024-08-28 18:57:00+00:00,0
2024-08-28 18:58:00+00:00,0
2024-08-28 18:59:00+00:00,0
2024-08-28 19:00:00+00:00,0
2024-08-28 19:01:00+00:00,0
2024-08-28 19:02:00+00:00,0
2024-08-28 19:03:00+00:00,0
2024-08-28 19:04:00+00:00,0
2024-08-28 19:05:00+00:00,0
2024-08-28 19:06:00+00:00,0
2024-08-28 19:07:00+00:00,0
2024-08-28 19:08:00+00:00,0
2024-08-28 19:09:00+00:00,0
2024-08-28 19:10:00+00:00,0
2024-08-28 19:11:00+00:00,0
2024-08-28 19:12:00+00:00,0
2024-08-28 19:13:00+00:00,0
2024-08-28 19:14:00+00:00,0
2024-08-28 19:15:00+00:00,0
2024-08-28 19:16:00+00:00,0
2024-08-28 19:17:00+00:00,0
2024-08-28 19:18:00+00:00,0
2024-08-28 19:19:00+00:00,0
2024-08-28 19:20:00+00:00,0
2024-08-28 19:21:00+00:00,0
2024-08-28 19:22:00+00:00,0
2024-08-28 19:23:00+00:00,0
2024-08-28 19:24:00+00:00,0
2024-08-28 19:25:00+00:00,0
2024-08-28 19:26:00+00:00,0
2024-08-28 19:27:00+00:00,0
2024-08-28 19:28:00+00:00,0
2024-08-28 19:29:00+00:00,0
2024-08-28 19:30:00+00:00,0
2024-08-28 19:31:00+00:00,0
2024-08-28 19:32:00+00:00,0
2024-08-28 19:33:00+00:00,0
2024-08-28 19:34:00+00:00,0
2024-08-28 19:35:00+00:00,0
2024-08-28 19:36:00+00:00,0
2024-08-28 19:37:00+00:00,0
2024-08-28 19:38:00+00:00,0
2024-08-28 19:39:00+00:00,0
2024-08-28 19:40:00+00:00,0
2024-08-28 19:41:00+00:00,0
2024-08-28 19:42:00+00:00,0
2024-08-28 19:43:00+00:00,0
2024-08-28 19:44:00+00:00,0
2024-08-28 19:45:00+00:00,0
2024-08-28 19:46:00+00:00,0
2024-08-28 19:47:00+00:00,0
2024-08-28 19:48:00+00:00,0
2024-08-28 19:49:00+00:00,0
2024-08-28 19:50:00+00:00,0
2024-08-28 19:51:00+00:00,0
2024-08-28 19:52:00+00:00,0
2024-08-28 19:53:00+00:00,0
2024-08-28 19:54:00+00:00,0
2024-08-28 19:55:00+00:00,0
2024-08-28 19:56:00+00:00,0
2024-08-28 19:57:00+00:00,0
2024-08-28 19:58:00+00:00,0
2024-08-28 19:59:00+00:00,0
2024-08-29 13:30:00+00:00,927
2024-08-29 13:31:00+00:00,6
2024-08-29 13:32:00+00:00,6
2024-08-29 13:33:00+00:00,6
2024-08-29 13:34:00+00:00,6
2024-08-29 13:35:00+00:00,6
2024-08-29 13:36:00+00:00,6
2024-08-29 13:37:00+00:00,6
2024-08-29 13:38:00+00:00,6
2024-08-29 13:39:00+00:00,6
2024-08-29 13:40:00+00:00,6
2024-08-29 13:41:00+00:00,6
2024-08-29 13:42:00+00:00,6
2024-08-29 13:43:00+00:00,1
2024-08-29 13:44:00+00:00,0
2024-08-29 13:45:00+00:00,0
2024-08-29 13:46:00+00:00,0
2024-08-29 13:47:00+00:00,0
2024-08-29 13:48:00+00:00,0
2024-08-29 13:49:00+00:00,0
2024-08-29 13:50:00+00:00,0
2024-08-29 13:51:00+00:00,0
2024-08-29 13:52:00+00:00,0
2024-08-29 13:53:00+00:00,0
2024-08-29 13:54:00+00:00,0
2024-08-29 13:55:00+00:00,0
2024-08-29 13:56:00+00:00,0
2024-08-29 13:57:00+00:00,0
2024-08-29 13:58:00+00:00,0
2024-08-29 13:59:00+00:00,0
2024-08-29 14:00:00+00:00,0
2024-08-29 14:01:00+00:00,0
2024-08-29 14:02:00+00:00,0
2024-08-29 14:03:00+00:00,0
2024-08-29 14:04:00+00:00,0
2024-08-29 14:05:00+00:00,0
2024-08-29 14:06:00+00:00,0
2024-08-29 14:07:00+00:00,0
2024-08-29 14:08:00+00:00,0
2024-08-29 14:09:00+00:00,0
2024-08-29 14:10:00+00:00,0
2024-08-29 14:11:00+00:00,0
2024-08-29 14:12:00+00:00,0
2024-08-29 14:13:00+00:00,0
2024-08-29 14:14:00+00:00,0
2024-08-29 14:15:00+00:00,0
2024-08-29 14:16:00+00:00,0
2024-08-29 14:17:00+00:00,0
2024-08-29 14:18:00+00:00,0
2024-08-29 14:19:00+00:00,0
2024-08-29 14:20:00+00:00,0
2024-08-29 14:21:00+00:00,0
2024-08-29 14:22:00+00:00,0
2024-08-29 14:23:00+00:00,0
2024-08-29 14:24:00+00:00,0
2024-08-29 14:25:00+00:00,0
2024-08-29 14:26:00+00:00,0
2024-08-29 14:27:00+00:00,0
2024-08-29 14:28:00+00:00,0
2024-08-29 14:29:00+00:00,0
2024-08-29 14:30:00+00:00,0
2024-08-29 14:31:00+00:00,0
2024-08-29 14:32:00+00:00,0
2024-08-29 14:33:00+00:00,0
2024-08-29 14:34:00+00:00,0
2024-08-29 14:35:00+00:00,0
2024-08-29 14:36:00+00:00,0
2024-08-29 14:37:00+00:00,0
2024-08-29 14:38:00+00:00,0
2024-08-29 14:39:00+00:00,0
2024-08-29 14:40:00+00:00,0
2024-08-29 14:41:00+00:00,0
2024-08-29 14:42:00+00:00,0
2024-08-29 14:43:00+00:00,0
2024-08-29 14:44:00+00:00,0
2024-08-29 14:45:00+00:00,0
2024-08-29 14:46:00+00:00,0
2024-08-29 14:47:00+00:00,0
2024-08-29 14:48:00+00:00,0
2024-08-29 14:49:00+00:00,0
2024-08-29 14:50:00+00:00,0
2024-08-29 14:51:00+00:00,0
2024-08-29 14:52:00+00:00,0
2024-08-29 14:53:00+00:00,0
2024-08-29 14:54:00+00:00,0
2024-08-29 14:55:00+00:00,0
2024-08-29 14:56:00+00:00,0
2024-08-29 14:57:00+00:00,0
2024-08-29 14:58:00+00:00,0
2024-08-29 14:59:00+00:00,0
2024-08-29 15:00:00+00:00,0
2024-08-29 15:01:00+00:00,0
2024-08-29 15:02:00+00:00,0
2024-08-29 15:03:00+00:00,0
2024-08-29 15:04:00+00:00,0
2024-08-29 15:05:00+00:00,0
2024-08-29 15:06:00+00:00,0
2024-08-29 15:07:00+00:00,0
2024-08-29 15:08:00+00:00,0
2024-08-29 15:09:00+00:00,0
2024-08-29 15:10:00+00:00,0
2024-08-29 15:11:00+00:00,0
2024-08-29 15:12:00+00:00,0
2024-08-29 15:13:00+00:00,0
2024-08-29 15:14:00+00:00,0
2024-08-29 15:15:00+00:00,0
2024-08-29 15:16:00+00:00,0
2024-08-29 15:17:00+00:00,0
2024-08-29 15:18:00+00:00,0
2024-08-29 15:19:00+00:00,0
2024-08-29 15:20:00+00:00,0
2024-08-29 15:21:00+00:00,0
2024-08-29 15:22:00+00:00,0
2024-08-29 15:23:00+00:00,0
2024-08-29 15:24:00+00:00,0
2024-08-29 15:25:00+00:00,0
2024-08-29 15:26:00+00:00,0
2024-08-29 15:27:00+00:00,0
2024-08-29 15:28:00+00:00,0
2024-08-29 15:29:00+00:00,0
2024-08-29 15:30:00+00:00,0
2024-08-29 15:31:00+00:00,0
2024-08-29 15:32:00+00:00,0
2024-08-29 15:33:00+00:00,0
2024-08-29 15:34:00+00:00,0
2024-08-29 15:35:00+00:00,0
2024-08-29 15:36:00+00:00,0
2024-08-29 15:37:00+00:00,0
2024-08-29 15:38:00+00:00,0
2024-08-29 15:39:00+00:00,0
2024-08-29 15:40:00+00:00,0
2024-08-29 15:41:00+00:00,0
2024-08-29 15:42:00+00:00,0
2024-08-29 15:43:00+00:00,0
2024-08-29 15:44:00+00:00,0
2024-08-29 15:45:00+00:00,0
2024-08-29 15:46:00+00:00,0
2024-08-29 15:47:00+00:00,0
2024-08-29 15:48:00+00:00,0
2024-08-29 15:49:00+00:00,0
2024-08-29 15:50:00+00:00,0
2024-08-29 15:51:00+00:00,0
2024-08-29 15:52:00+00:00,0
2024-08-29 15:53:00+00:00,0
2024-08-29 15:54:00+00:00,0
2024-08-29 15:55:00+00:00,0
2024-08-29 15:56:00+00:00,0
2024-08-29 15:57:00+00:00,0
2024-08-29 15:58:00+00:00,0
2024-08-29 15:59:00+00:00,0
2024-08-29 16:00:00+00:00,0
2024-08-29 16:01:00+00:00,0
2024-08-29 16:02:00+00:00,0
2024-08-29 16:03:00+00:00,0
2024-08-29 16:04:00+00:00,0
2024-08-29 16:05:00+00:00,0
2024-08-29 16:06:00+00:00,0
2024-08-29 16:07:00+00:00,0
2024-08-29 16:08:00+00:00,0
2024-08-29 16:09:00+00:00,0
2024-08-29 16:10:00+00:00,0
2024-08-29 16:11:00+00:00,0
2024-08-29 16:12:00+00:00,0
2024-08-29 16:13:00+00:00,0
2024-08-29 16:14:00+00:00,0
2024-08-29 16:15:00+00:00,0
2024-08-29 16:16:00+00:00,0
2024-08-29 16:17:00+00:00,0
2024-08-29 16:18:00+00:00,0
2024-08-29 16:19:00+00:00,0
2024-08-29 16:20:00+00:00,0
2024-08-29 16:21:00+00:00,0
2024-08-29 16:22:00+00:00,0
2024-08-29 16:23:00+00:00,0
2024-08-29 16:24:00+00:00,0
2024-08-29 16:25:00+00:00,0
2024-08-29 16:26:00+00:00,0
2024-08-29 16:27:00+00:00,0
2024-08-29 16:28:00+00:00,0
2024-08-29 16:29:00+00:00,0
2024-08-29 16:30:00+00:00,0
2024-08-29 16:31:00+00:00,0
2024-08-29 16:32:00+00:00,0
2024-08-29 16:33:00+00:00,0
2024-08-29 16:34:00+00:00,0
2024-08-29 16:35:00+00:00,0
2024-08-29 16:36:00+00:00,0
2024-08-29 16:37:00+00:00,0
2024-08-29 16:38:00+00:00,0
2024-08-29 16:39:00+00:00,0
2024-08-29 16:40:00+00:00,0
2024-08-29 16:41:00+00:00,0
2024-08-29 16:42:00+00:00,0
2024-08-29 16:43:00+00:00,0
2024-08-29 16:44:00+00:00,0
2024-08-29 16:45:00+00:00,0
2024-08-29 16:46:00+00:00,0
2024-08-29 16:47:00+00:00,0
2024-08-29 16:48:00+00:00,0
2024-08-29 16:49:00+00:00,0
2024-08-29 16:50:00+00:00,0
2024-08-29 16:51:00+00:00,0
2024-08-29 16:52:00+00:00,0
2024-08-29 16:53:00+00:00,0
2024-08-29 16:54:00+00:00,0
2024-08-29 16:55:00+00:00,0
2024-08-29 16:56:00+00:00,0
2024-08-29 16:57:00+00:00,0
2024-08-29 16:58:00+00:00,0
2024-08-29 16:59:00+00:00,0
2024-08-29 17:00:00+00:00,0
2024-08-29 17:01:00+00:00,0
2024-08-29 17:02:00+00:00,0
2024-08-29 17:03:00+00:00,0
2024-08-29 17:04:00+00:00,0
2024-08-29 17:05:00+00:00,0
2024-08-29 17:06:00+00:00,0
2024-08-29 17:07:00+00:00,0
2024-08-29 17:08:00+00:00,0
2024-08-29 17:09:00+00:00,0
2024-08-29 17:10:00+00:00,0
2024-08-29 17:11:00+00:00,0
2024-08-29 17:12:00+00:00,0
2024-08-29 17:13:00+00:00,0
2024-08-29 17:14:00+00:00,0
2024-08-29 17:15:00+00:00,0
2024-08-29 17:16:00+00:00,0
2024-08-29 17:17:00+00:00,0
2024-08-29 17:18:00+00:00,0
2024-08-29 17:19:00+00:00,0
2024-08-29 17:20:00+00:00,0
2024-08-29 17:21:00+00:00,0
2024-08-29 17:22:00+00:00,0
2024-08-29 17:23:00+00:00,0
2024-08-29 17:24:00+00:00,0
2024-08-29 17:25:00+00:00,0
2024-08-29 17:26:00+00:00,0
2024-08-29 17:27:00+00:00,0
2024-08-29 17:28:00+00:00,0
2024-08-29 17:29:00+00:00,0
2024-08-29 17:30:00+00:00,0
2024-08-29 17:31:00+00:00,0
2024-08-29 17:32:00+00:00,0
2024-08-29 17:33:00+00:00,0
2024-08-29 17:34:00+00:00,0
2024-08-29 17:35:00+00:00,0
2024-08-29 17:36:00+00:00,0
2024-08-29 17:37:00+00:00,0
2024-08-29 17:38:00+00:00,0
2024-08-29 17:39:00+00:00,0
2024-08-29 17:40:00+00:00,0
2024-08-29 17:41:00+00:00,0
2024-08-29 17:42:00+00:00,0
2024-08-29 17:43:00+00:00,0
2024-08-29 17:44:00+00:00,0
2024-08-29 17:45:00+00:00,0
2024-08-29 17:46:00+00:00,0
2024-08-29 17:47:00+00:00,0
2024-08-29 17:48:00+00:00,0
2024-08-29 17:49:00+00:00,0
2024-08-29 17:50:00+00:00,0
2024-08-29 17:51:00+00:00,0
2024-08-29 17:52:00+00:00,0
2024-08-29 17:53:00+00:00,0
2024-08-29 17:54:00+00:00,0
2024-08-29 17:55:00+00:00,0
2024-08-29 17:56:00+00:00,0
2024-08-29 17:57:00+00:00,0
2024-08-29 17:58:00+00:00,0
2024-08-29 17:59:00+00:00,0
2024-08-29 18:00:00+00:00,0
2024-08-29 18:01:00+00:00,0
2024-08-29 18:02:00+00:00,0
2024-08-29 18:03:00+00:00,0
2024-08-29 18:04:00+00:00,0
2024-08-29 18:05:00+00:00,0
2024-08-29 18:06:00+00:00,0
2024-08-29 18:07:00+00:00,0
2024-08-29 18:08:00+00:00,0
2024-08-29 18:09:00+00:00,0
2024-08-29 18:10:00+00:00,0
2024-08-29 18:11:00+00:00,0
2024-08-29 18:12:00+00:00,0
2024-08-29 18:13:00+00:00,0
2024-08-29 18:14:00+00:00,0
2024-08-29 18:15:00+00:00,0
2024-08-29 18:16:00+00:00,0
2024-08-29 18:17:00+00:00,0
2024-08-29 18:18:00+00:00,0
2024-08-29 18:19:00+00:00,0
2024-08-29 18:20:00+00:00,0
2024-08-29 18:21:00+00:00,0
2024-08-29 18:22:00+00:00,0
2024-08-29 18:23:00+00:00,0
2024-08-29 18:24:00+00:00,0
2024-08-29 18:25:00+00:00,0
2024-08-29 18:26:00+00:00,0
2024-08-29 18:27:00+00:00,0
2024-08-29 18:28:00+00:00,0
2024-08-29 18:29:00+00:00,0
2024-08-29 18:30:00+00:00,0
2024-08-29 18:31:00+00:00,0
2024-08-29 18:32:00+00:00,0
2024-08-29 18:33:00+00:00,0
2024-08-29 18:34:00+00:00,0
2024-08-29 18:35:00+00:00,0
2024-08-29 18:36:00+00:00,0
2024-08-29 18:37:00+00:00,0
2024-08-29 18:38:00+00:00,0
2024-08-29 18:39:00+00:00,0
2024-08-29 18:40:00+00:00,0
2024-08-29 18:41:00+00:00,0
2024-08-29 18:42:00+00:00,0
2024-08-29 18:43:00+00:00,0
2024-08-29 18:44:00+00:00,0
2024-08-29 18:45:00+00:00,0
2024-08-29 18:46:00+00:00,0
2024-08-29 18:47:00+00:00,0
2024-08-29 18:48:00+00:00,0
2024-08-29 18:49:00+00:00,0
2024-08-29 18:50:00+00:00,0
2024-08-29 18:51:00+00:00,0
2024-08-29 18:52:00+00:00,0
2024-08-29 18:53:00+00:00,0
2024-08-29 18:54:00+00:00,0
2024-08-29 18:55:00+00:00,0
2024-08-29 18:56:00+00:00,0
2024-08-29 18:57:00+00:00,0
2024-08-29 18:58:00+00:00,0
2024-08-29 18:59:00+00:00,0
2024-08-29 19:00:00+00:00,0
2024-08-29 19:01:00+00:00,0
2024-08-29 19:02:00+00:00,0
2024-08-29 19:03:00+00:00,0
2024-08-29 19:04:00+00:00,0
2024-08-29 19:05:00+00:00,0
2024-08-29 19:06:00+00:00,0
2024-08-29 19:07:00+00:00,0
2024-08-29 19:08:00+00:00,0
2024-08-29 19:09:00+00:00,0
2024-08-29 19:10:00+00:00,0
2024-08-29 19:11:00+00:00,0
2024-08-29 19:12:00+00:00,0
2024-08-29 19:13:00+00:00,0
2024-08-29 19:14:00+00:00,0
2024-08-29 19:15:00+00:00,0
2024-08-29 19:16:00+00:00,0
2024-08-29 19:17:00+00:00,0
2024-08-29 19:18:00+00:00,0
2024-08-29 19:19:00+00:00,0
2024-08-29 19:20:00+00:00,0
2024-08-29 19:21:00+00:00,0
2024-08-29 19:22:00+00:00,0
2024-08-29 19:23:00+00:00,0
2024-08-29 19:24:00+00:00,0
2024-08-29 19:25:00+00:00,0
2024-08-29 19:26:00+00:00,0
2024-08-29 19:27:00+00:00,0
2024-08-29 19:28:00+00:00,0
2024-08-29 19:29:00+00:00,0
2024-08-29 19:30:00+00:00,0
2024-08-29 19:31:00+00:00,0
2024-08-29 19:32:00+00:00,0
2024-08-29 19:33:00+00:00,0
2024-08-29 19:34:00+00:00,0
2024-08-29 19:35:00+00:00,0
2024-08-29 19:36:00+00:00,0
2024-08-29 19:37:00+00:00,0
2024-08-29 19:38:00+00:00,0
2024-08-29 19:39:00+00:00,0
2024-08-29 19:40:00+00:00,0
2024-08-29 19:41:00+00:00,0
2024-08-29 19:42:00+00:00,0
2024-08-29 19:43:00+00:00,0
2024-08-29 19:44:00+00:00,0
2024-08-29 19:45:00+00:00,0
2024-08-29 19:46:00+00:00,0
2024-08-29 19:47:00+00:00,0
2024-08-29 19:48:00+00:00,0
2024-08-29 19:49:00+00:00,0
2024-08-29 19:50:00+00:00,0
2024-08-29 19:51:00+00:00,0
2024-08-29 19:52:00+00:00,0
2024-08-29 19:53:00+00:00,0
2024-08-29 19:54:00+00:00,0
2024-08-29 19:55:00+00:00,0
2024-08-29 19:56:00+00:00,0
2024-08-29 19:57:00+00:00,0
2024-08-29 19:58:00+00:00,0
2024-08-29 19:59:00+00:00,0
2024-08-30 13:30:00+00:00,927
2024-08-30 13:31:00+00:00,6
2024-08-30 13:32:00+00:00,6
2024-08-30 13:33:00+00:00,6
2024-08-30 13:34:00+00:00,6
2024-08-30 13:35:00+00:00,6
2024-08-30 13:36:00+00:00,6
2024-08-30 13:37:00+00:00,6
2024-08-30 13:38:00+00:00,6
2024-08-30 13:39:00+00:00,6
2024-08-30 13:40:00+00:00,6
2024-08-30 13:41:00+00:00,6
2024-08-30 13:42:00+00:00,6
2024-08-30 13:43:00+00:00,1
2024-08-30 13:44:00+00:00,0
2024-08-30 13:45:00+00:00,0
2024-08-30 13:46:00+00:00,0
2024-08-30 13:47:00+00:00,0
2024-08-30 13:48:00+00:00,0
2024-08-30 13:49:00+00:00,0
2024-08-30 13:50:00+00:00,0
2024-08-30 13:51:00+00:00,0
2024-08-30 13:52:00+00:00,0
2024-08-30 13:53:00+00:00,0
2024-08-30 13:54:00+00:00,0
2024-08-30 13:55:00+00:00,0
2024-08-30 13:56:00+00:00,0
2024-08-30 13:57:00+00:00,0
2024-08-30 13:58:00+00:00,0
2024-08-30 13:59:00+00:00,0
2024-08-30 14:00:00+00:00,0
2024-08-30 14:01:00+00:00,0
2024-08-30 14:02:00+00:00,0
2024-08-30 14:03:00+00:00,0
2024-08-30 14:04:00+00:00,0
2024-08-30 14:05:00+00:00,0
2024-08-30 14:06:00+00:00,0
2024-08-30 14:07:00+00:00,0
2024-08-30 14:08:00+00:00,0
2024-08-30 14:09:00+00:00,0
2024-08-30 14:10:00+00:00,0
2024-08-30 14:11:00+00:00,0
2024-08-30 14:12:00+00:00,0
2024-08-30 14:13:00+00:00,0
2024-08-30 14:14:00+00:00,0
2024-08-30 14:15:00+00:00,0
2024-08-30 14:16:00+00:00,0
2024-08-30 14:17:00+00:00,0
2024-08-30 14:18:00+00:00,0
2024-08-30 14:19:00+00:00,0
2024-08-30 14:20:00+00:00,0
2024-08-30 14:21:00+00:00,0
2024-08-30 14:22:00+00:00,0
2024-08-30 14:23:00+00:00,0
2024-08-30 14:24:00+00:00,0
2024-08-30 14:25:00+00:00,0
2024-08-30 14:26:00+00:00,0
2024-08-30 14:27:00+00:00,0
2024-08-30 14:28:00+00:00,0
2024-08-30 14:29:00+00:00,0
2024-08-30 14:30:00+00:00,0
2024-08-30 14:31:00+00:00,0
2024-08-30 14:32:00+00:00,0
2024-08-30 14:33:00+00:00,0
2024-08-30 14:34:00+00:00,0
2024-08-30 14:35:00+00:00,0
2024-08-30 14:36:00+00:00,0
2024-08-30 14:37:00+00:00,0
2024-08-30 14:38:00+00:00,0
2024-08-30 14:39:00+00:00,0
2024-08-30 14:40:00+00:00,0
2024-08-30 14:41:00+00:00,0
2024-08-30 14:42:00+00:00,0
2024-08-30 14:43:00+00:00,0
2024-08-30 14:44:00+00:00,0
2024-08-30 14:45:00+00:00,0
2024-08-30 14:46:00+00:00,0
2024-08-30 14:47:00+00:00,0
2024-08-30 14:48:00+00:00,0
2024-08-30 14:49:00+00:00,0
2024-08-30 14:50:00+00:00,0
2024-08-30 14:51:00+00:00,0
2024-08-30 14:52:00+00:00,0
2024-08-30 14:53:00+00:00,0
2024-08-30 14:54:00+00:00,0
2024-08-30 14:55:00+00:00,0
2024-08-30 14:56:00+00:00,0
2024-08-30 14:57:00+00:00,0
2024-08-30 14:58:00+00:00,0
2024-08-30 14:59:00+00:00,0
2024-08-30 15:00:00+00:00,0
2024-08-30 15:01:00+00:00,0
2024-08-30 15:02:00+00:00,0
2024-08-30 15:03:00+00:00,0
2024-08-30 15:04:00+00:00,0
2024-08-30 15:05:00+00:00,0
2024-08-30 15:06:00+00:00,0
2024-08-30 15:07:00+00:00,0
2024-08-30 15:08:00+00:00,0
2024-08-30 15:09:00+00:00,0
2024-08-30 15:10:00+00:00,0
2024-08-30 15:11:00+00:00,0
2024-08-30 15:12:00+00:00,0
2024-08-30 15:13:00+00:00,0
2024-08-30 15:14:00+00:00,0
2024-08-30 15:15:00+00:00,0
2024-08-30 15:16:00+00:00,0
2024-08-30 15:17:00+00:00,0
2024-08-30 15:18:00+00:00,0
2024-08-30 15:19:00+00:00,0
2024-08-30 15:20:00+00:00,0
2024-08-30 15:21:00+00:00,0
2024-08-30 15:22:00+00:00,0
2024-08-30 15:23:00+00:00,0
2024-08-30 15:24:00+00:00,0
2024-08-30 15:25:00+00:00,0
2024-08-30 15:26:00+00:00,0
2024-08-30 15:27:00+00:00,0
2024-08-30 15:28:00+00:00,0
2024-08-30 15:29:00+00:00,0
2024-08-30 15:30:00+00:00,0
2024-08-30 15:31:00+00:00,0
2024-08-30 15:32:00+00:00,0
2024-08-30 15:33:00+00:00,0
2024-08-30 15:34:00+00:00,0
2024-08-30 15:35:00+00:00,0
2024-08-30 15:36:00+00:00,0
2024-08-30 15:37:00+00:00,0
2024-08-30 15:38:00+00:00,0
2024-08-30 15:39:00+00:00,0
2024-08-30 15:40:00+00:00,0
2024-08-30 15:41:00+00:00,0
2024-08-30 15:42:00+00:00,0
2024-08-30 15:43:00+00:00,0
2024-08-30 15:44:00+00:00,0
2024-08-30 15:45:00+00:00,0
2024-08-30 15:46:00+00:00,0
2024-08-30 15:47:00+00:00,0
2024-08-30 15:48:00+00:00,0
2024-08-30 15:49:00+00:00,0
2024-08-30 15:50:00+00:00,0
2024-08-30 15:51:00+00:00,0
2024-08-30 15:52:00+00:00,0
2024-08-30 15:53:00+00:00,0
2024-08-30 15:54:00+00:00,0
2024-08-30 15:55:00+00:00,0
2024-08-30 15:56:00+00:00,0
2024-08-30 15:57:00+00:00,0
2024-08-30 15:58:00+00:00,0
2024-08-30 15:59:00+00:00,0
2024-08-30 16:00:00+00:00,0
2024-08-30 16:01:00+00:00,0
2024-08-30 16:02:00+00:00,0
2024-08-30 16:03:00+00:00,0
2024-08-30 16:04:00+00:00,0
2024-08-30 16:05:00+00:00,0
2024-08-30 16:06:00+00:00,0
2024-08-30 16:07:00+00:00,0
2024-08-30 16:08:00+00:00,0
2024-08-30 16:09:00+00:00,0
2024-08-30 16:10:00+00:00,0
2024-08-30 16:11:00+00:00,0
2024-08-30 16:12:00+00:00,0
2024-08-30 16:13:00+00:00,0
2024-08-30 16:14:00+00:00,0
2024-08-30 16:15:00+00:00,0
2024-08-30 16:16:00+00:00,0
2024-08-30 16:17:00+00:00,0
2024-08-30 16:18:00+00:00,0
2024-08-30 16:19:00+00:00,0
2024-08-30 16:20:00+00:00,0
2024-08-30 16:21:00+00:00,0
2024-08-30 16:22:00+00:00,0
2024-08-30 16:23:00+00:00,0
2024-08-30 16:24:00+00:00,0
2024-08-30 16:25:00+00:00,0
2024-08-30 16:26:00+00:00,0
2024-08-30 16:27:00+00:00,0
2024-08-30 16:28:00+00:00,0
2024-08-30 16:29:00+00:00,0
2024-08-30 16:30:00+00:00,0
2024-08-30 16:31:00+00:00,0
2024-08-30 16:32:00+00:00,0
2024-08-30 16:33:00+00:00,0
2024-08-30 16:34:00+00:00,0
2024-08-30 16:35:00+00:00,0
2024-08-30 16:36:00+00:00,0
2024-08-30 16:37:00+00:00,0
2024-08-30 16:38:00+00:00,0
2024-08-30 16:39:00+00:00,0
2024-08-30 16:40:00+00:00,0
2024-08-30 16:41:00+00:00,0
2024-08-30 16:42:00+00:00,0
2024-08-30 16:43:00+00:00,0
2024-08-30 16:44:00+00:00,0
2024-08-30 16:45:00+00:00,0
2024-08-30 16:46:00+00:00,0
2024-08-30 16:47:00+00:00,0
2024-08-30 16:48:00+00:00,0
2024-08-30 16:49:00+00:00,0
2024-08-30 16:50:00+00:00,0
2024-08-30 16:51:00+00:00,0
2024-08-30 16:52:00+00:00,0
2024-08-30 16:53:00+00:00,0
2024-08-30 16:54:00+00:00,0
2024-08-30 16:55:00+00:00,0
2024-08-30 16:56:00+00:00,0
2024-08-30 16:57:00+00:00,0
2024-08-30 16:58:00+00:00,0
2024-08-30 16:59:00+00:00,0
2024-08-30 17:00:00+00:00,0
2024-08-30 17:01:00+00:00,0
2024-08-30 17:02:00+00:00,0
2024-08-30 17:03:00+00:00,0
2024-08-30 17:04:00+00:00,0
2024-08-30 17:05:00+00:00,0
2024-08-30 17:06:00+00:00,0
2024-08-30 17:07:00+00:00,0
2024-08-30 17:08:00+00:00,0
2024-08-30 17:09:00+00:00,0
2024-08-30 17:10:00+00:00,0
2024-08-30 17:11:00+00:00,0
2024-08-30 17:12:00+00:00,0
2024-08-30 17:13:00+00:00,0
2024-08-30 17:14:00+00:00,0
2024-08-30 17:15:00+00:00,0
2024-08-30 17:16:00+00:00,0
2024-08-30 17:17:00+00:00,0
2024-08-30 17:18:00+00:00,0
2024-08-30 17:19:00+00:00,0
2024-08-30 17:20:00+00:00,0
2024-08-30 17:21:00+00:00,0
2024-08-30 17:22:00+00:00,0
2024-08-30 17:23:00+00:00,0
2024-08-30 17:24:00+00:00,0
2024-08-30 17:25:00+00:00,0
2024-08-30 17:26:00+00:00,0
2024-08-30 17:27:00+00:00,0
2024-08-30 17:28:00+00:00,0
2024-08-30 17:29:00+00:00,0
2024-08-30 17:30:00+00:00,0
2024-08-30 17:31:00+00:00,0
2024-08-30 17:32:00+00:00,0
2024-08-30 17:33:00+00:00,0
2024-08-30 17:34:00+00:00,0
2024-08-30 17:35:00+00:00,0
2024-08-30 17:36:00+00:00,0
2024-08-30 17:37:00+00:00,0
2024-08-30 17:38:00+00:00,0
2024-08-30 17:39:00+00:00,0
2024-08-30 17:40:00+00:00,0
2024-08-30 17:41:00+00:00,0
2024-08-30 17:42:00+00:00,0
2024-08-30 17:43:00+00:00,0
2024-08-30 17:44:00+00:00,0
2024-08-30 17:45:00+00:00,0
2024-08-30 17:46:00+00:00,0
2024-08-30 17:47:00+00:00,0
2024-08-30 17:48:00+00:00,0
2024-08-30 17:49:00+00:00,0
2024-08-30 17:50:00+00:00,0
2024-08-30 17:51:00+00:00,0
2024-08-30 17:52:00+00:00,0
2024-08-30 17:53:00+00:00,0
2024-08-30 17:54:00+00:00,0
2024-08-30 17:55:00+00:00,0
2024-08-30 17:56:00+00:00,0
2024-08-30 17:57:00+00:00,0
2024-08-30 17:58:00+00:00,0
2024-08-30 17:59:00+00:00,0
2024-08-30 18:00:00+00:00,0
2024-08-30 18:01:00+00:00,0
2024-08-30 18:02:00+00:00,0
2024-08-30 18:03:00+00:00,0
2024-08-30 18:04:00+00:00,0
2024-08-30 18:05:00+00:00,0
2024-08-30 18:06:00+00:00,0
2024-08-30 18:07:00+00:00,0
2024-08-30 18:08:00+00:00,0
2024-08-30 18:09:00+00:00,0
2024-08-30 18:10:00+00:00,0
2024-08-30 18:11:00+00:00,0
2024-08-30 18:12:00+00:00,0
2024-08-30 18:13:00+00:00,0
2024-08-30 18:14:00+00:00,0
2024-08-30 18:15:00+00:00,0
2024-08-30 18:16:00+00:00,0
2024-08-30 18:17:00+00:00,0
2024-08-30 18:18:00+00:00,0
2024-08-30 18:19:00+00:00,0
2024-08-30 18:20:00+00:00,0
2024-08-30 18:21:00+00:00,0
2024-08-30 18:22:00+00:00,0
2024-08-30 18:23:00+00:00,0
2024-08-30 18:24:00+00:00,0
2024-08-30 18:25:00+00:00,0
2024-08-30 18:26:00+00:00,0
2024-08-30 18:27:00+00:00,0
2024-08-30 18:28:00+00:00,0
2024-08-30 18:29:00+00:00,0
2024-08-30 18:30:00+00:00,0
2024-08-30 18:31:00+00:00,0
2024-08-30 18:32:00+00:00,0
2024-08-30 18:33:00+00:00,0
2024-08-30 18:34:00+00:00,0
2024-08-30 18:35:00+00:00,0
2024-08-30 18:36:00+00:00,0
2024-08-30 18:37:00+00:00,0
2024-08-30 18:38:00+00:00,0
2024-08-30 18:39:00+00:00,0
2024-08-30 18:40:00+00:00,0
2024-08-30 18:41:00+00:00,0
2024-08-30 18:42:00+00:00,0
2024-08-30 18:43:00+00:00,0
2024-08-30 18:44:00+00:00,0
2024-08-30 18:45:00+00:00,0
2024-08-30 18:46:00+00:00,0
2024-08-30 18:47:00+00:00,0
2024-08-30 18:48:00+00:00,0
2024-08-30 18:49:00+00:00,0
2024-08-30 18:50:00+00:00,0
2024-08-30 18:51:00+00:00,0
2024-08-30 18:52:00+00:00,0
2024-08-30 18:53:00+00:00,0
2024-08-30 18:54:00+00:00,0
2024-08-30 18:55:00+00:00,0
2024-08-30 18:56:00+00:00,0
2024-08-30 18:57:00+00:00,0
2024-08-30 18:58:00+00:00,0
2024-08-30 18:59:00+00:00,0
2024-08-30 19:00:00+00:00,0
2024-08-30 19:01:00+00:00,0
2024-08-30 19:02:00+00:00,0
2024-08-30 19:03:00+00:00,0
2024-08-30 19:04:00+00:00,0
2024-08-30 19:05:00+00:00,0
2024-08-30 19:06:00+00:00,0
2024-08-30 19:07:00+00:00,0
2024-08-30 19:08:00+00:00,0
2024-08-30 19:09:00+00:00,0
2024-08-30 19:10:00+00:00,0
2024-08-30 19:11:00+00:00,0
2024-08-30 19:12:00+00:00,0
2024-08-30 19:13:00+00:00,0
2024-08-30 19:14:00+00:00,0
2024-08-30 19:15:00+00:00,0
2024-08-30 19:16:00+00:00,0
2024-08-30 19:17:00+00:00,0
2024-08-30 19:18:00+00:00,0
2024-08-30 19:19:00+00:00,0
2024-08-30 19:20:00+00:00,0
2024-08-30 19:21:00+00:00,0
2024-08-30 19:22:00+00:00,0
2024-08-30 19:23:00+00:00,0
2024-08-30 19:24:00+00:00,0
2024-08-30 19:25:00+00:00,0
2024-08-30 19:26:00+00:00,0
2024-08-30 19:27:00+00:00,0
2024-08-30 19:28:00+00:00,0
2024-08-30 19:29:00+00:00,0
2024-08-30 19:30:00+00:00,0
2024-08-30 19:31:00+00:00,0
2024-08-30 19:32:00+00:00,0
2024-08-30 19:33:00+00:00,0
2024-08-30 19:34:00+00:00,0
2024-08-30 19:35:00+00:00,0
2024-08-30 19:36:00+00:00,0
2024-08-30 19:37:00+00:00,0
2024-08-30 19:38:00+00:00,0
2024-08-30 19:39:00+00:00,0
2024-08-30 19:40:00+00:00,0
2024-08-30 19:41:00+00:00,0
2024-08-30 19:42:00+00:00,0
2024-08-30 19:43:00+00:00,0
2024-08-30 19:44:00+00:00,0
2024-08-30 19:45:00+00:00,0
2024-08-30 19:46:00+00:00,0
2024-08-30 19:47:00+00:00,0
2024-08-30 19:48:00+00:00,0
2024-08-30 19:49:00+00:00,0
2024-08-30 19:50:00+00:00,0
2024-08-30 19:51:00+00:00,0
2024-08-30 19:52:00+00:00,0
2024-08-30 19:53:00+00:00,0
2024-08-30 19:54:00+00:00,0
2024-08-30 19:55:00+00:00,0
2024-08-30 19:56:00+00:00,0
2024-08-30 19:57:00+00:00,0
2024-08-30 19:58:00+00:00,0
2024-08-30 19:59:00+00:00,0
